Genus,Sample,OTU
Aquabacterium,Site1,ACGCGTTGAACCTTACCTACCCTTGACATGTCAAGAATTTCGCAGAGATGTGGAAGTGCTCGAAAGAGAACTTGAACACAGGTGCTGCATGGCCGTCGTCAGCTCGTGTCGTGAGATGTTGGGTTAAGTCCCGCAACGAGCGCAACCCTTGTCATTAGTTGCTACGAAAGGGCACTCTAATGAGACTGCCGGTGACAAACCGGAGGAAGGTGGGGATGACGTCAGGTCCTCATGGCCCTTATGGGTAGGGCTACACACGTCATACAATGGCCGGTACAGAGGGTCGCCAACCCGCGAGGGGGAGCCAATCCCAGAAAACCGGTCGTAGTCCGGATCGCAGTCTGCAACTCGACTGCGTGAAGTCGGAATCGCTAGTAATCGCGGATCAGCTTGCCGCGGTGAATACGTTCCCGGGTCTTGCACACACCGCCCGT
Aquabacterium,Site1,ACGCGTGGAACCTTACCTACCCTTGACATGTCAAGAATTTCGCAGAGATGTGGAAGTGCTCGAAAGAGAACTTGAACACAGGTGCTGCATGGCCGTCGTCAGCTCGTGTCGTGAGATGTTGGGTTAAGTCCCGCAACGAGCGCAACCCTTGTCATTAGTTGCTACGAAAGGGCACTCTAATGAGACTGCCGGTGACAAACCGGAGGAAGGTGGGGATGACGTCAGGTCCTCATGGCCCTTATGGGTAGGGCTACACACGTCATACAATGGCCGGTACAGAGGGTCGCCAACCCGCGAGGGGGAGCCAATCCCAGAAAACCGGTCGTAGTCCGGATCGCAGTCTGCAACTCGACTGCGTGAAGTCGGAATCGCTAGTAATCGCGGATCAGCTTGCCGCGGTGAATACGTTCCCGGGTCTTGCACACACCGCCCGT
Aquabacterium,Site1,ACGCGATAAACCTTACCTACCCTTGACATGTCAAGAATTTCGCAGAGATGTGGAAGTGCTCGAAAGAGAACTTGAACACAGGTGCTGCATGGCCGTCGTCAGCTCGTGTCGTGAGATGTTGGGTTAAGTCCCGCAACGAGCGCAACCCTTGTCATTAGTTGCTACGAAAGGGCACTCTAATGAGACTGCCGGTGACAAACCGGAGGAAGGTGGGGATGACGTCAGGTCCTCATGGCCCTTATGGGTAGGGCTACACACGTCATACAATGGCCGGTACAGAGGGTCGCCAACCCGCGAGGGGGAGCCAATCCCAGAAAACCGGTCGTAGTCCGGATCGCAGTCTGCAACTCGACTGCGTGAAGTCGGAATCGCTAGTAATCGCGGATCAGCTTGCCGCGGTGAATACGTTCCCGGGTCTTGCACACACCGCCCGT
Baekduia,Site1,ACGCGCGGAACCTTACCTGGGCTTGACATGTGAGTGACCGGCGTGGAAACACGTCTTCCCTTCGGGGCACTTTCACAGGTGGTGCATGGCTGTCGTCAGCTCGTGTCGTGAGATGTTGGGTTAAGTCCCGCAACGAGCGCAACCCCCGTCGCATGTTGCCAGCATTCAGTTGGGGACTCATGCGAGACTGCCGGTGACAAACCGGAGGAAGGTGGGGATGACGTCAAGTCCTCATGCCCCTTATGTTCAGGGCTACACACGTGCTACATTGGCGCATACAGAGGGCTGCGATACCGCGAGGTGGAGCGAATCCCTTAAAGTGCGTCTCGGTTCGGATTGCAGGCTGAAATTCGCCTGCATGAAGGCGGAGTTGCTAGTAATCGCGGATCAGCATTGCCGCGGTGAATACGTTCCCGGGCCTTGCACACACCGCCCGT
Blastomonas,Site3,ACGCGCTGAACCTTACCAGCGTTTGACATGGCTAGTATGGTTTCCAGAGATGGATTCCTTCAGTTCGGCTGGCTAGCACACAGGTGCTGCATGGCTGTCGTCAGCTCGTGTCGTGAGATGTTGGGTTAAGTCCCGCAACGAGCGCAACCCTCGTCCTTAGTTGCCATCATTAAGTTGGGCACTCTAAGGAAACCGCCGGTGATAAGCCGGAGGAAGGTGGGGATGACGTCAAGTCCTCATGGCCCTTACACGCTGGGCTACACACGTGCTACAATGGCGGTGACAGTGAGCAGCTAACCCGCGAGGGTATGCTAATCTCCAAAAGCCGTCTCAGTTCGGATTGTTCTCTGCAACTCGAGAGCATGAAGGCGGAATCGCTAGTAATCGCGGATCAGCACGCCGCGGTGAATACGTTCCCAGGCCTTGTACACACCGCCCGT
Bradyrhizobium,Site1,ACGCGATAAACCTTACCAGCCCTTGACATGTCCAGGACCGGTCGCAGAGATGTGACCTTCTCTTCGGAGCCTGGAACACAGGTGCTGCATGGCTGTCGTCAGCTCGTGTCGTGAGATGTTGGGTTAAGTCCCGCAACGAGCGCAACCCCCGTCCTTAGTTGCTACCATTTAGTTGAGCACTCTAAGGAGACTGCCGGTGATAAGCCGCGAGGAAGGTGGGGATGACGTCAAGTCCTCATGGCCCTTACGGGCTGGGCTACACACGTGCTACAATGGCGGTGACAATGGGACGCTAAGGGGCAACCCTTCGCAAATCTCAAAAAGCCGTCTCAGTTCGGATTGGGCTCTGCAACTCGAGCCCATGAAGTTGGAATCGCTAGTAATCGTGGATCAGCACGCCACGGTGAATACGTTCCCGGGCCTTGCACACACTGCCCGT
Bradyrhizobium,Site1,ACGCGCGAAACCTTACCAGCCCTTGACATGTCCAGGACCGGTCGCAGAGATGTGACCTTCTCTTCGGAGCCTGGAACACAGGTGCTGCATGGCTGTCGTCAGCTCGTGTCGTGAGATGTTGGGTTAAGTCCCGCAACGAGCGCAACCCCCGTCCTTAGTTGCTACCATTTAGTTGAGCACTCTAAGGAGACTGCCGGTGATAAGCCGCGAGGAAGGTGGGGATGACGTCAAGTCCTCATGGCCCTTACGGGCTGGGCTACACACGTGCTACAATGGCGGTGACAATGGGACGCTAAGGGGCAACCCTTCGCAAATCTCAAAAAGCCGTCTCAGTTCGGATTGGGCTCTGCAACTCGAGCCCATGAAGTTGGAATCGCTAGTAATCGTGGATCAGCACGCCACGGTGAATACGTTCCCGGGCCTTGCACACACCGCCCGT
Bradyrhizobium,Site1,ACGCGTAGAACCTTACCAGCCCTTGACATGTCCAGGACCGGTCGCAGAGATGTGACCTTCTCTTCGGAGCCTGGAACACAGGTGCTGCATGGCTGTCGTCAGCTCGTGTCGTGAGATGTTGGGTTAAGTCCCGCAACGAGCGCAACCCCCGTCCTTAGTTGCTACCATTTAGTTGAGCACTCTAAGGAGACTGCCGGTGATAAGCCGCGAGGAAGGTGGGGATGACGTCAAGTCCTCATGGCCCTTACGGGCTGGGCTACACACGTGCTACAATGGCGGTGACAATGGGACGCTAAGGGGCAACCCTTCGCAAATCTCAAAAAGCCGTCTCAGTTCGGATTGGGCTCTGCAACTCGAGCCCATGAAGTTGGAATCGCTAGTAATCGTGGATCAGCACGCCACGGTGAATACGTTCCCGGGCCTTGTACACACCGCCCGT
Bradyrhizobium,Site1,ACGCGTGGAACCTTACCAGCCCTTGACATCCCGGTCGCGGACTCCAGAGATGGAGTTCTTCAGTTCGGCTGGACCGGAGACAGGTGCTGCATGGCTGTCGTCAGCTCGTGTCGTGAGATGTTGGGTTAAGTCCCGCAACGAGCGCAACCCCCGTCCTTAGTTGCTACCATTTAGTTGAGCACTCTAAGGAGACTGCCGGTGATAAGCCGCGAGGAAGGTGGGGATGACGTCAAGTCCTCATGGCCCTTACGGGCTGGGCTACACACGTGCTACAATGGCGGTGACAATGGGACGCTAAGGGGCAACCCTTCGCAAATCTCAAAAAGCCGTCTCAGTTCGGATTGGGCTCTGCAACTCGAGCCCATGAAGTTGGAATCGCTAGTAATCGTGGATCAGCATGCCACGGTGAATACGTTCCCGGGCCTTGTACACACTGCCCGT
Bradyrhizobium,Site1,ACGCGCGAAACCTTACCAGCCCTTGACATGTCCAGGACCGGTCGCAGAGATGTGACCTTCTCTTCGGAGCCTGGAACACAGGTGCTGCATGGCTGTCGTCAGCTCGTGTCGTGAGATGTTGGGTTAAGTCCCGCAACGAGCGCAACCCCCGTCCTTAGTTGCTACCATTTAGTTGAGCACTCTAAGGAGACTGCCGGTGATAAGCCGCGAGGAAGGTGGGGATGACGTCAAGTCCTCATGGCCCTTACGGGCTGGGCTACACACGTGCTACAATGGCGGTGACAATGGGACGCTAAGGGGCAACCCTTCGCAAATCTCAAAAAGCCGTCTCAGTTCGGATTGGGCTCTGCAACTCGAGCCCATGAAGTTGGAATCGCTAGTAATCGTGGATCAGCACGCCACGGTGAATACGTTCCCGGGCCTTGCACTCACCGCCCGT
Bradyrhizobium,Site1,ACGCGCGGAACCTTACCAGCCCTTGACATCCCGGTCGCGGACTCCAGAGATGGAGTTCTTCAGTTCGGCTGGACCGGAGACAGGTGCTGCATGGCTGTCGTCAGCTCGTGTCGTGAGATGTTGGGTTAAGTCCCGCAACGAGCGCAACCCCCGTCCTTAGTTGCTACCATTTAGTTGAGCACTCTAAGGAGACTGCCGGTGATAAGCCGCGAGGAAGGTGGGGATGACGTCAAGTCCTCATGGCCCTTACGGGCTGGGCTACACACGTGCTACAATGGCGGTGACAATGGGACGCTAAGGGGCAACCCTTCGCAAATCTCAAAAAGCCGTCTCAGTTCGGATTGGGCTCTGCAACTCGAGCCCATGAAGTTGGAATCGCTAGTAATCGTGGATCAGCATGCCACGGTGAATACGTTCCCGGGCCTTGTACACACCGCCCGT
Bradyrhizobium,Site1,ACGCGCAGAACCTTACCAGCCCTTGACATGTCCAGGACCGGTCGCAGAGATGTGACCTTCTCTTCGGAGCCTGGAACACAGGTGCTGCATGGCTGTCGTCAGCTCGTGTCGTGAGATGTTGGGTTAAGTCCCGCAACGAGCGCAACCCCCGTCCTTAGTTGCTACCATTTAGTTGAGCACTCTAAGGAGACTGCCGGTGATAAGCCGCGAGGAAGGTGGGGATGACGTCAAGTCCTCATGGCCCTTACGGGCTGGGCTACACACGTGCTACAATGGCGGTGACAATGGGACGCTAAGGGGCAACCCTTCGCAAATCTCAAAAAGCCGTCTCAGTTCGGATTGGGCTCTGCAACTCGAGCCCATGAAGTTGGAATCGCTAGTAATCGTGGATCAGCACGCCACGGTGAATACGTTCCCGGGCCTTGTACACACCGCCCGT
Bradyrhizobium,Site1,ACGCGCGGAACCTTACCAGCCCTTGACATCCCGGTCGCGGACTCCAGAGATGGAGTTCTTCAGTTCGGCTGGACCGGAGACAGGTGCTGCATGGCTGTCGTCAGCTCGTGTCGTGAGATGTTGGGTTAAGTCCCGCAACGAGCGCAACCCCCGTCCTTAGTTGCTACCATTTAGTTGAGCACTCTAAGGAGACTGCCGGTGATAAGCCGCGAGGAAGGTGGGGATGACGTCAAGTCCTCATGGCCCTTACGGGCTGGGCTACACACGTGCTACAATGGCGGTGACAATGGGACGCTAAGGGGCAACCCTTCGCAAATCTCAAAAAGCCGTCTCAGTTCGGATTGGGCTCTGCAACTCGAGCCCATGAAGTTGGAATCGCTAGTAATCGTGGATCAGCATGCCACGGTGAATACGTTCCCGGGCCTTGCACTCACCGCCCGT
Bradyrhizobium,Site1,ACGCGCTGAACCTTACCAGCCCTTGACATGTCCAGGACCGGTCGCAGAGATGTGACCTTCTCTTCGGAGCCTGGAACACAGGTGCTGCATGGCTGTCGTCAGCTCGTGTCGTGAGATGTTGGGTTAAGTCCCGCAACGAGCGCAACCCCCGTCCTTAGTTGCTACCATTTAGTTGAGCACTCTAAGGAGACTGCCGGTGATAAGCCGCGAGGAAGGTGGGGATGACGTCAAGTCCTCATGGCCCTTACGGGCTGGGCTACACACGTGCTACAATGGCGGTGACAATGGGACGCTAAGGGGCAACCCTTCGCAAATCTCAAAAAGCCGTCTCAGTTCGGATTGGGCTCTGCAACTCGAGCCCATGAAGTTGGAATCGCTAGTAATCGTGGATCAGCACGCCACGGTGAATACGTTCCCGGGCCTTGCACTCACCGCCCGT
Bradyrhizobium,Site4,ACGCGCGGAACCTTACCAGCCCTTGACATCCCGGTCGCGGACTCCAGAGATGGAGTTCTTCAGTTCGGCTGGACCGGAGACAGGTGCTGCATGGCTGTCGTCAGCTCGTGTCGTGAGATGTTGGGTTAAGTCCCGCAACGAGCGCAACCCCCGTCCTTAGTTGCTACCATTTAGTTGAGCACTCTAAGGAGACTGCCGGTGATAAGCCGCGAGGAAGGTGGGGATGACGTCAAGTCCTCATGGCCCTTACGGGCTGGGCTACACACGTGCTACAATGGCGGTGACAATGGGACGCTAAGGGGCAACCCTTCGCAAATCTCAAAAAGCCGTCTCAGTTCGGATTGGGCTCTGCAACTCGAGCCCATGAAGTTGGAATCGCTAGTAATCGTGGATCAGCATGCCACGGTGAATACGTTCCCGGGCCTTGCACTCACCGCCCGT
Bradyrhizobium,Site4,ACGCGCGGAACCTTACCAGCCCTTGACATCCCGGTCGCGGACTCCAGAGATGGAGTTCTTCAGTTCGGCTGGACCGGAGACAGGTGCTGCATGGCTGTCGTCAGCTCGTGTCGTGAGATGTTGGGTTAAGTCCCGCAACGAGCGCAACCCCCGTCCTTAGTTGCTACCATTTAGTTGAGCACTCTAAGGAGACTGCCGGTGATAAGCCGCGAGGAAGGTGGGGATGACGTCAAGTCCTCATGGCCCTTACGGGCTGGGCTACACACGTGCTACAATGGCGGTGACAATGGGACGCTAAGGGGCAACCCTTCGCAAATCTCAAAAAGCCGTCTCAGTTCGGATTGGGCTCTGCAACTCGAGCCCATGAAGTTGGAATCGCTAGTAATCGTGGATCAGCATGCCACGGTGAATACGTTCCCGGGCCTTGTACACACCGCCCGT
Flavitalea,Site1,ACGCGTTGAACCTTACCTGGGCTAGAATGCTGGTGGACCGAGGGTGAAAGCTCTTTTTGTAGCAATACACCGCCAGTAAGGTGCTGCATGGCTGTCGTCAGCTCGTGCCGTGAGGTGTTGGGTTAAGTCCCGCAACGAGCGCAACCCCCATCACTAGTTGCCATCAGGTAAAGCTGGGAACTCTAGTGAAACTGCCGTCGTAAGACGTGAGGAAGGAGGGGATGATGTCAAGTCATCATGGCCTTTATGCCCAGGGCTACACACGTGCTACAATGGAAAGGACAAAGAGCAGCGACATGGTGACATGAAGCTAATCTCAAAAACCTTTTCTCAGTTCAGATTGCAGTCTGCAACTCGACTGCATGAAGCTGGAATCGCTAGTAATCGTATATCAGCAATGATACGGTGAATACGTTCCCGGACCTTGTACACACCGCCCGT
Flavitalea,Site1,ACGCGTAAAACCTTACCTGGGCTAGAATGCTGGTGGACCGAGGGTGAAAGCTCTTTTTGTAGCAATACACCGCCAGTAAGGTGCTGCATGGCTGTCGTCAGCTCGTGCCGTGAGGTGTTGGGTTAAGTCCCGCAACGAGCGCAACCCCCATCACTAGTTGCCATCAGGTAAAGCTGGGAACTCTAGTGAAACTGCCGTCGTAAGACGTGAGGAAGGAGGGGATGATGTCAAGTCATCATGGCCTTTATGCCCAGGGCTACACACGTGCTACAATGGAAAGGACAAAGAGCAGCGACATGGTGACATGAAGCTAATCTCAAAAACCTTTTCTCAGTTCAGATTGCAGTCTGCAACTCGACTGCATGAAGCTGGAATCGCTAGTAATCGTATATCAGCAATGATACGGTGAATACGTTCCCGGACCTTGCACACACCGCCCGT
Mycobacterium,Site1,ACGCGTGGAACCTTACCTGGGTTTGACATGCACAGGACGACGGCAGAGATGTCGTTTCCCTTGTGGCCTGTGTGCAGGTGGTGCATGGCTGTCGTCAGCTCGTGTCGTGAGATGTTGGGTTAAGTCCCGCAACGAGCGCAACCCTTATTTCATGTTGCCAGCGCGTTATGGCGGGGACTCGTGAGAGACTGCCGGGGTCAACTCGGAGGAAGGTGGGGATGACGTCAAGTCATCATGCCCCTTATGTCCAGGGCTTCACACATGCTACAATGGCCGGTACAAAGGGCTGCGATGCCGCGAGGCTTAGCGAATCCTTTAAAGCCGGTCTCAGTTCGGATCGGGGTCTGCAACTCGACCCCGTGAAGTCGGAGTCGCTAGTAATCGCAGATCAGCAACGCTGCGGTGAATACGTTCCCGGGCCTTGCACACACCGCCCGT
Paraburkholderia,Site1,ACGCGTGAAACCTTACCTACCCTTGACATGTATGGAACCTGGCTGAGAGGTCGGGGTGCCCGAAAGGGAGCCATAACACAGGTGCTGCATGGCTGTCGTCAGCTCGTGTCGTGAGATGTTGGGTTAAGTCCCGCAACGAGCGCAACCCTTGTCCCTAGTTGCTACGCAAGAGCACTCTAGGGAGACTGCCGGTGACAAACCGGAGGAAGGTGGGGATGACGTCAAGTCCTCATGGCCCTTATGGGTAGGGCTTCACACGTCATACAATGGTCGGAACAGAGGGTCGCCAACCCGCGAGGGGGAGCCAATCCCAGAAAACCGATCGTAGTCCGGATCGCACTCTGCAACTCGAGTGCGTGAAGCTGGAATCGCTAGTAATCGCGGATCAGCATGCCGCGGTGAATACGTTCCCGGGTCTTGCACTCACCGCCCGT
Phenylobacterium,Site1,ACGCGCGGAACCTTACCACCTTTTGACATGCCTGGACCGCCGGAGAGATCCGGTTTTCCCTTCGGGGACTAGGACACAGGTGCTGCATGGCTGTCGTCAGCTCGTGTCGTGAGATGTTGGGTTAAGTCCCGCAACGAGCGCAACCCTCGCCATTAGTTGCCATCATTAAGTTGGGCACTCTAATGGGACCGCCGGTGGTAAGCCGGAGGAAGGTGGGGATGACGTCAAGTCCTCATGGCCCTTACAGGGTGGGCTACACACGTGCTACAATGGCGACTACAGAGGGCTGCAACCCAGCGATGGTGAGCCAATCCCTAAAAGTCGTCTCAGTTCGGATTGCACTCTGCAACTCGAGTGCATGAAGTCGGAATCGCTAGTAATCGCGGATCAGCATGCCGCGGTGAATACGTTCCCGGGCCTTGCACTCACCGCCCGT
Terrimonas,Site1,ACGCGCGGAACCTTACCTGGGCTAGAATGCTGGGAGACCGTGGGTGAAAGCTCATTTTGTAGCAATACACTGCCAGCAAGGTGCTGCATGGCTGTCGTCAGCTCGTGCCGTGAGGTGTTGGGTTAAGTCCCGCAACGAGCGCAACCCCTATCACTAGTTGCCATCAGGTAACGCTGGGAACTCTAGTGAAACTGCCGTCGTAAGACGCGAGGAAGGAGGGGATGATGTCAAGTCATCATGGCCTTTATGCCCAGGGCTACACACGTGCTACAATGGAGAGTACAAAGGGCTGCCACTTGGTGACAAGGAGCTAATCCCAAAAAACTCTTCTCAGTTCAGATTGCAGGCTGCAACTCGCCTGCATGAAGCTGGAATCGCTAGTAATCGTATATCAGCAATGATACGGTGAATACGTTCCCGGACCTTGCACACACCGCCCGT
Terrimonas,Site1,ACGCGAGGAACCTTACCTGGGCTAGAATGCTGGGAGACCGTGGGTGAAAGCTCATTTTGTAGCAATACACTGCCAGCAAGGTGCTGCATGGCTGTCGTCAGCTCGTGCCGTGAGGTGTTGGGTTAAGTCCCGCAACGAGCGCAACCCCTATCACTAGTTGCCATCAGGTAACGCTGGGAACTCTAGTGAAACTGCCGTCGTAAGACGCGAGGAAGGAGGGGATGATGTCAAGTCATCATGGCCTTTATGCCCAGGGCTACACACGTGCTACAATGGAGAGTACAAAGGGCTGCCACTTGGTGACAAGGAGCTAATCCCAAAAAACTCTTCTCAGTTCAGATTGCAGGCTGCAACTCGCCTGCATGAAGCTGGAATCGCTAGTAATCGTATATCAGCAATGATACGGTGAATACGTTCCCGGACCTTGCACACACCGCCCGT
Uncertain,Site1,ACGCGATGAACCTTACCTGGGCTTGACATGTGAGTGACCGGCGTGGAAACACGTCTTCCCTTCGGGGCACTTTCACAGGTGGTGCATGGCTGTCGTCAGCTCGTGTCGTGAGATGTTGGGTTAAGTCCCGCAACGAGCGCAACCCCCGTCGCATGTTGCCAGCATTCAGTTGGGGACTCATGCGAGACTGCCGGTGACAAACCGGAGGAAGGTGGGGATGACGTCAAGTCCTCATGCCCCTTATGTTCAGGGCTACACACGTGCTACATTGGCGCATACAGAGGGCTGCGATACCGCGAGGTGGAGCGAATCCCTTAAAGTGCGTCTCGGTTCGGATTGCAGGCTGAAATTCGCCTGCATGAAGGCGGAGTTGCTAGTAATCGCGGATCAGCATTGCCGCGGTGAATACGTTCCCGGGCCTTGCACACACCGCCCGT
Uncertain,Site1,ACGCGTAAAACCTTACCTACCCTTGACATGTCCTGGAGGCTGGGGAAACCCGGCTGTGCCCGAAAGGGAACGGGAACACAGGTGCTGCATGGCTGTCGTCAGCTCGTGTCGTGAGATGTTGGGTTAAGTCCCGCAACGAGCGCAACCCTTGTCATTAGTTGCTACATTCAGTTGGGCACTCTAATGAGACTGCCGGTGACAAACCGGAGGAAGGTGGGGATGACGTCAAGTCCTCATGGCCCTTATGGGTAGGGCTTCACACGTAATACAATGGCGCGTACAGAGGGCTGCTAAGCCGCGAGGTAGAGCCAATCCCTTAAAGCGCGTCGTAGTCCGGATTGCAGTCTGCAACTCGACTGCATGAAGTCGGAATCGCTAGTAATCGCGGATCAGCATGTCGCGGTGAATACGTTCCCGGGTCTTGCACACACCGCCCGT
Uncertain,Site1,ACGCGTGGAACCTTACCAGGGCTAGAATGCCTCTGACAACCCTAGAGATAGGGCTTCTTAGGGAAACCTAGGCAGAGTGCAAGGTGCTGCATGGCTGTCGTCAGCTCGTGTCGTGAGATGTTGGGTTAAGTCCCGCAACGAGCGCAACCCTTATCTTTAGTTGCTAGCGGTTCGGCCGAGCACTCTAGAGAGACTGCCGTTGACAAAACGGAGGAAGGTGGGGATGACGTCAAGTCCTCATGGCCTTTATGTCCTGGGCTACACACGTGCTACAATGGCCGGTACAAAGCGCTGCAAACTCGCGAGAGGGAGCCAATCGCAAAAAGCCGGTCTCAGTTCGGATTGGAGTCTGCAACTCGACTCCATGAAGCTGGAATCGCTAGTAATCGCAGATCAGCACGCTGCGGTGAATACGTTCCCGGGTCTTGCACACACCGCCCGT
Uncertain,Site1,ACGCGTGGAACCTTACCTGGACTTGACATGCTTGGGAAACCCTGGTGAAAGCCAGGGCCTCTCGCAAGAGACTCTTGCACAGGTGGTGCATGGCTGTCGTCAGCTCGTGCCGTGAGGTGTTGGGTTAAGTCCCGCAACGAGCGCAACCCCTGTCCTTAGTTGAATTTCTAGGGATACTGCCGGGCGAAACCCGGAGGAAGGTGGGGATGACGTCAAGTCAGCATGCCCTTTATGTCCAGGGCTACACACACGCTACAATGGCCGGTACAACGGGTTCCAACACGGCGACGTGAAGGTAATCCCTTAAAACCGGTCTCAGTTCGGATTGCAGGCTGAAACCCGCCTGCATGAAGTAGGAGTTGCTAGTAAACGCTGGTCAGCACACAGCGTTGAATACGTTCCCGGGCCTTGCACACACCGCCCGT
Uncertain,Site1,ACGCGTGGAACCTTACCAAGGTTTGACATGGACCGAAAACTCATGGAGACATGGGGTCCTTCGGGGCGGTTCACAGGTGGTGCATGGCTGTCGTCAGCTCGTGTCGTGAGATGTTGGGTTAAGTCCCGCAACGAGCGCAACCCTCGTCCAATGTTGCCAGCGGGTAATGCCGGGGACTCATTGGAGACTGCCGGGGTCAACTCGGAGGAAGGTGGGGATGACGTCAAGTCATCATGCCCCTTATGTCTTGGGCTGCAAACATGCTACAATGGCCGGTACAAAGGGCTGCGAACCTGTGAGGGTAAGCGAATCCCGGAAAGCCGGTCTCAGTTCGGATCGGGGTCTGCAACTCGGCCCCGTGAAGCCGGAGTCGCTAGTAATCGCGGATCAGCAACGCCGCGGTGAATACGTTCCCGGGCCTTGTACACACCGCCCGT
Uncertain,Site1,ACGCGTTGAACCTTACCTGGTCTTGACATCCCAGGAACCCTTCAGAGATGAGGGGGTGCCTTCGGGAGCCTGGAGACAGGTGCTGCATGGCTGTCGTCAGCTCGTGTCGTGAGATGTTGGGTTAAGTCCCGCAACGAGCGCAACCCTTGTCCTTAGTTGCCATCATTTAGTTGGGAACTCTAAGGAGACCGCCGGTGACAAACCGGAGGAAGGTGGGGATGACGTCAAGTCATCATGGCCCTTATGACCAGGGCTACACACGTGCTACAATGGTAGGTACAAAGGGTCGCGAAGCCGCAAGGTGGAGCCAATCCCATAAAGCCTATCGTAGTCCGGATCGGAGTCTGCAACTCGACTCCGTGAAGTCGGAATCGCTAGTAATCGTAGATCAGCATTGCTACGGTGAATACGTTCCCGGGTCTTGTACACACCGCCCGT
Uncertain,Site1,ACGCGTGGAACCTTACCTGGTCTTGACATCCTGGGAACCCTGAAGAGATTTAGGGGTGCCGCAAGGAGCCCAGAGACAGGTGCTGCATGGCTGTCGTCAGCTCGTGTCGTGAGATGTTGGGTTAAGTCCCGCAACGAGCGCAACCCTTGTCCTTAGTTGCCATCATTAAGTTGGGCACTCTAAGGAGACCGCCGGTGACAAACCGGAGGAAGGTGGGGATGACGTCAAGTCATCATGGCCTTTATGACCAGGGCTACACACGTGCTACAATGGTAGATACAGAGGGAAGCCAACTCGCGAGAGGGAGCCAATCCCAGAAAATCTATCGTAGTCCGGATTGGAGTCTGCAACTCGACTCCATGAAGTCGGAATCGCTAGTAATCGCAGATCAGCATTGCTGCGGTGAATACGTTCCCGGGTCTTGCACTCACCGCCCGT
Uncertain,Site1,ACGCGCGAAACCTTACCAGCCCTTGACATGTCCAGGACCGGTCGCAGAGATGTGACCTTCTCTTCGGAGCCTGGAACACAGGTGCTGCATGGCTGTCGTCAGCTCGTGTCGTGAGATGTTGGGTTAAGTCCCGCAACGAGCGCAACCCCCGTCCTTAGTTGCTACCATTTAGTTGAGCACTCTAAGGAGACTGCCGGTGATAAGCCGCGAGGAAGGTGGGGATGACGTCAAGTCCTCATGGCCCTTACGGGCTGGGCTACACACGTGCTACAATGGCGGTGACAATGGGACGCTAAGGGGCAACCCTTCGCAAATCTCAAAAAGCCGTCTCAGTTCGGATTGGGCTCTGCAACTCGAGCCCATGAAGTTGGAATCGCTAGTAATCGTGGATCAGCATGCCACGGTGAATACGTTCCCGGGCCTTGCACACACCGCCCGT
Uncertain,Site1,ACGCGTGGAACCTTACCTGGTCTTGACATCCTGGGAACCCTGAAGAGATTTAGGGGTGCCGCAAGGAGCCCAGAGACAGGTGCTGCATGGCTGTCGTCAGCTCGTGTCGTGAGATGTTGGGTTAAGTCCCGCAACGAGCGCAACCCTTGTCCTTAGTTGCCATCATTAAGTTGGGCACTCTAAGGAGACCGCCGGTGACAAACCGGAGGAAGGTGGGGATGACGTCAAGTCATCATGGCCTTTATGACCAGGGCTACACACGTGCTACAATGGTAGATACAGAGGGAAGCCAACTCGCGAGAGGGAGCCAATCCCAGAAAATCTATCGTAGTCCGGATTGGAGTCTGCAACTCGACTCCATGAAGTCGGAATCGCTAGTAATCGCAGATCAGCATTGCTGCGGTGAATACGTTCCCGGGTCTTGTACACACCGCCCGT
Uncertain,Site2,ACGCGTGGAACCTTACCTGGGCTAGAATGTATTTTGACCGCAGGTGAAAGCTTGTTTTGTAGCAATACACAATTTACAAGGTGCTGCATGGCTGTCGTCAGCTCGTGCCGTGAGGTGTTGGGTTAAGTCCCGCAACGAGCGCAACCCCTATCACTAGTTGCCATCAGGTAACGCTGGGAACTCTAGTGAAACTGCCGTCGTAAGACGCGAGGAAGGAGGGGATGATGTCAAGTCATCATGGCCTTTATGCCCAGGGCTACACACGTGCTACAATGGAGAGTACAAAGGGCTGCCACTTAGCGATAAGGAGCCAATCCCAAAAAACTCTTCTCAGTTCAGATTGCAGGCTGCAACTCGCCTGCATGAAGCTGGAATCGCTAGTAATCGTATATCAGCAATGATACGGTGAATACGTTCCCGGACCTTGCACTCACCGCCCGT
Variibacter,Site1,ACGCGTGGAACCTTACCAGCCCTTGACATGTCCCGTATGGATTTCAGAGATGAGATCCTTCAGTTCGGCTGGCGGGAACACAGGTGCTGCATGGCTGTCGTCAGCTCGTGTCGTGAGATGTTGGGTTAAGTCCCGCAACGAGCGCAACCCTCGCCCTTAGTTGCCATCATTCAGTTGGGCACTCTAAGGGGACTGCCGGTGATAAGCCGCGAGGAAGGTGGGGATGACGTCAAGTCCTCATGGCCCTTACGGGCTGGGCTACACACGTGCTACAATGGCGGTGACAGTGGGACGCAATGGAGCAATCCTGCGCAAATCTCAAAAAGCCGTCTCAGTTCGGATTGGGGTCTGCAACTCGACCCCATGAAGTCGGAATCGCTAGTAATCGCGGATCAGCACGCCGCGGTGAATACGTTCCCGGGCCTTGCACACACCGCCCGT
