successful_asv,taxonomy,found_in_sterile,amplicon
ACGCGTTGAACCTTACCTGGTCTTGACATCCCAGGAACCCTTCAGAGATGAGGGGGTGCCTTCGGGAGCCTGGAGACAGGTGCTGCATGGCTGTCGTCAGCTCGTGTCGTGAGATGTTGGGTTAAGTCCCGCAACGAGCGCAACCCTTGTCCTTAGTTGCCATCATTTAGTTGGGAACTCTAAGGAGACCGCCGGTGACAAACCGGAGGAAGGTGGGGATGACGTCAAGTCATCATGGCCCTTATGACCAGGGCTACACACGTGCTACAATGGTAGGTACAAAGGGTCGCGAAGCCGCAAGGTGGAGCCAATCCCATAAAGCCTATCGTAGTCCGGATCGGAGTCTGCAACTCGACTCCGTGAAGTCGGAATCGCTAGTAATCGTAGATCAGCATTGCTACGGTGAATACGTTCCCGGGTCTTGTACACACCGCCCGT,Bacteria_Proteobacteria_Gammaproteobacteria,FALSE,16S
ACGCGTGGAACCTTACCTGGTCTTGACATCCTGGGAACCCTGAAGAGATTTAGGGGTGCCGCAAGGAGCCCAGAGACAGGTGCTGCATGGCTGTCGTCAGCTCGTGTCGTGAGATGTTGGGTTAAGTCCCGCAACGAGCGCAACCCTTGTCCTTAGTTGCCATCATTAAGTTGGGCACTCTAAGGAGACCGCCGGTGACAAACCGGAGGAAGGTGGGGATGACGTCAAGTCATCATGGCCTTTATGACCAGGGCTACACACGTGCTACAATGGTAGATACAGAGGGAAGCCAACTCGCGAGAGGGAGCCAATCCCAGAAAATCTATCGTAGTCCGGATTGGAGTCTGCAACTCGACTCCATGAAGTCGGAATCGCTAGTAATCGCAGATCAGCATTGCTGCGGTGAATACGTTCCCGGGTCTTGTACACACCGCCCGT,Bacteria_Proteobacteria_Gammaproteobacteria_Gammaproteobacteria_incertae_sedis_Acidibacter,TRUE,16S
ACGCGTGGAACCTTACCTGGTCTTGACATCCTGGGAACCCTGAAGAGATTTAGGGGTGCCGCAAGGAGCCCAGAGACAGGTGCTGCATGGCTGTCGTCAGCTCGTGTCGTGAGATGTTGGGTTAAGTCCCGCAACGAGCGCAACCCTTGTCCTTAGTTGCCATCATTAAGTTGGGCACTCTAAGGAGACCGCCGGTGACAAACCGGAGGAAGGTGGGGATGACGTCAAGTCATCATGGCCTTTATGACCAGGGCTACACACGTGCTACAATGGTAGATACAGAGGGAAGCCAACTCGCGAGAGGGAGCCAATCCCAGAAAATCTATCGTAGTCCGGATTGGAGTCTGCAACTCGACTCCATGAAGTCGGAATCGCTAGTAATCGCAGATCAGCATTGCTGCGGTGAATACGTTCCCGGGTCTTGCACTCACCGCCCGT,Bacteria_Proteobacteria_Gammaproteobacteria_Gammaproteobacteria_incertae_sedis_Acidibacter,TRUE,16S
ACGCGTGGAACCTTACCTGGACTTGACATGCTTGGGAAACCCTGGTGAAAGCCAGGGCCTCTCGCAAGAGACTCTTGCACAGGTGGTGCATGGCTGTCGTCAGCTCGTGCCGTGAGGTGTTGGGTTAAGTCCCGCAACGAGCGCAACCCCTGTCCTTAGTTGAATTTCTAGGGATACTGCCGGGCGAAACCCGGAGGAAGGTGGGGATGACGTCAAGTCAGCATGCCCTTTATGTCCAGGGCTACACACACGCTACAATGGCCGGTACAACGGGTTCCAACACGGCGACGTGAAGGTAATCCCTTAAAACCGGTCTCAGTTCGGATTGCAGGCTGAAACCCGCCTGCATGAAGTAGGAGTTGCTAGTAAACGCTGGTCAGCACACAGCGTTGAATACGTTCCCGGGCCTTGCACACACCGCCCGT,Bacteria,FALSE,16S
ACGCGATGAACCTTACCTGGGCTTGACATGTGAGTGACCGGCGTGGAAACACGTCTTCCCTTCGGGGCACTTTCACAGGTGGTGCATGGCTGTCGTCAGCTCGTGTCGTGAGATGTTGGGTTAAGTCCCGCAACGAGCGCAACCCCCGTCGCATGTTGCCAGCATTCAGTTGGGGACTCATGCGAGACTGCCGGTGACAAACCGGAGGAAGGTGGGGATGACGTCAAGTCCTCATGCCCCTTATGTTCAGGGCTACACACGTGCTACATTGGCGCATACAGAGGGCTGCGATACCGCGAGGTGGAGCGAATCCCTTAAAGTGCGTCTCGGTTCGGATTGCAGGCTGAAATTCGCCTGCATGAAGGCGGAGTTGCTAGTAATCGCGGATCAGCATTGCCGCGGTGAATACGTTCCCGGGCCTTGCACACACCGCCCGT,Bacteria_Actinobacteria_Thermoleophilia_Solirubrobacterales,FALSE,16S
ACGCGCGGAACCTTACCTGGGCTTGACATGTGAGTGACCGGCGTGGAAACACGTCTTCCCTTCGGGGCACTTTCACAGGTGGTGCATGGCTGTCGTCAGCTCGTGTCGTGAGATGTTGGGTTAAGTCCCGCAACGAGCGCAACCCCCGTCGCATGTTGCCAGCATTCAGTTGGGGACTCATGCGAGACTGCCGGTGACAAACCGGAGGAAGGTGGGGATGACGTCAAGTCCTCATGCCCCTTATGTTCAGGGCTACACACGTGCTACATTGGCGCATACAGAGGGCTGCGATACCGCGAGGTGGAGCGAATCCCTTAAAGTGCGTCTCGGTTCGGATTGCAGGCTGAAATTCGCCTGCATGAAGGCGGAGTTGCTAGTAATCGCGGATCAGCATTGCCGCGGTGAATACGTTCCCGGGCCTTGCACACACCGCCCGT,Bacteria_Actinobacteria_Thermoleophilia_Solirubrobacterales_Baekduiaceae_Baekduia,FALSE,16S
ACGCGTGGAACCTTACCTGGGTTTGACATGCACAGGACGACGGCAGAGATGTCGTTTCCCTTGTGGCCTGTGTGCAGGTGGTGCATGGCTGTCGTCAGCTCGTGTCGTGAGATGTTGGGTTAAGTCCCGCAACGAGCGCAACCCTTATTTCATGTTGCCAGCGCGTTATGGCGGGGACTCGTGAGAGACTGCCGGGGTCAACTCGGAGGAAGGTGGGGATGACGTCAAGTCATCATGCCCCTTATGTCCAGGGCTTCACACATGCTACAATGGCCGGTACAAAGGGCTGCGATGCCGCGAGGCTTAGCGAATCCTTTAAAGCCGGTCTCAGTTCGGATCGGGGTCTGCAACTCGACCCCGTGAAGTCGGAGTCGCTAGTAATCGCAGATCAGCAACGCTGCGGTGAATACGTTCCCGGGCCTTGCACACACCGCCCGT,Bacteria_Actinobacteria_Actinobacteria_Mycobacteriales_Mycobacteriaceae_Mycobacterium,FALSE,16S
ACGCGTGGAACCTTACCAAGGTTTGACATGGACCGAAAACTCATGGAGACATGGGGTCCTTCGGGGCGGTTCACAGGTGGTGCATGGCTGTCGTCAGCTCGTGTCGTGAGATGTTGGGTTAAGTCCCGCAACGAGCGCAACCCTCGTCCAATGTTGCCAGCGGGTAATGCCGGGGACTCATTGGAGACTGCCGGGGTCAACTCGGAGGAAGGTGGGGATGACGTCAAGTCATCATGCCCCTTATGTCTTGGGCTGCAAACATGCTACAATGGCCGGTACAAAGGGCTGCGAACCTGTGAGGGTAAGCGAATCCCGGAAAGCCGGTCTCAGTTCGGATCGGGGTCTGCAACTCGGCCCCGTGAAGCCGGAGTCGCTAGTAATCGCGGATCAGCAACGCCGCGGTGAATACGTTCCCGGGCCTTGTACACACCGCCCGT,Bacteria_Actinobacteria_Actinobacteria,FALSE,16S
ACGCGCGGAACCTTACCACCTTTTGACATGCCTGGACCGCCGGAGAGATCCGGTTTTCCCTTCGGGGACTAGGACACAGGTGCTGCATGGCTGTCGTCAGCTCGTGTCGTGAGATGTTGGGTTAAGTCCCGCAACGAGCGCAACCCTCGCCATTAGTTGCCATCATTAAGTTGGGCACTCTAATGGGACCGCCGGTGGTAAGCCGGAGGAAGGTGGGGATGACGTCAAGTCCTCATGGCCCTTACAGGGTGGGCTACACACGTGCTACAATGGCGACTACAGAGGGCTGCAACCCAGCGATGGTGAGCCAATCCCTAAAAGTCGTCTCAGTTCGGATTGCACTCTGCAACTCGAGTGCATGAAGTCGGAATCGCTAGTAATCGCGGATCAGCATGCCGCGGTGAATACGTTCCCGGGCCTTGCACTCACCGCCCGT,Bacteria_Proteobacteria_Alphaproteobacteria_Caulobacterales_Caulobacteraceae_Phenylobacterium,FALSE,16S
ACGCGCTGAACCTTACCAGCGTTTGACATGGCTAGTATGGTTTCCAGAGATGGATTCCTTCAGTTCGGCTGGCTAGCACACAGGTGCTGCATGGCTGTCGTCAGCTCGTGTCGTGAGATGTTGGGTTAAGTCCCGCAACGAGCGCAACCCTCGTCCTTAGTTGCCATCATTAAGTTGGGCACTCTAAGGAAACCGCCGGTGATAAGCCGGAGGAAGGTGGGGATGACGTCAAGTCCTCATGGCCCTTACACGCTGGGCTACACACGTGCTACAATGGCGGTGACAGTGAGCAGCTAACCCGCGAGGGTATGCTAATCTCCAAAAGCCGTCTCAGTTCGGATTGTTCTCTGCAACTCGAGAGCATGAAGGCGGAATCGCTAGTAATCGCGGATCAGCACGCCGCGGTGAATACGTTCCCAGGCCTTGTACACACCGCCCGT,Bacteria_Proteobacteria_Alphaproteobacteria_Sphingomonadales_Sphingomonadaceae_Blastomonas,TRUE,16S
ACGCGCGAAACCTTACCAGCCCTTGACATGTCCAGGACCGGTCGCAGAGATGTGACCTTCTCTTCGGAGCCTGGAACACAGGTGCTGCATGGCTGTCGTCAGCTCGTGTCGTGAGATGTTGGGTTAAGTCCCGCAACGAGCGCAACCCCCGTCCTTAGTTGCTACCATTTAGTTGAGCACTCTAAGGAGACTGCCGGTGATAAGCCGCGAGGAAGGTGGGGATGACGTCAAGTCCTCATGGCCCTTACGGGCTGGGCTACACACGTGCTACAATGGCGGTGACAATGGGACGCTAAGGGGCAACCCTTCGCAAATCTCAAAAAGCCGTCTCAGTTCGGATTGGGCTCTGCAACTCGAGCCCATGAAGTTGGAATCGCTAGTAATCGTGGATCAGCATGCCACGGTGAATACGTTCCCGGGCCTTGCACACACCGCCCGT,Bacteria_Proteobacteria_Alphaproteobacteria_Rhizobiales_Bradyrhizobiaceae,FALSE,16S
ACGCGCTGAACCTTACCAGCCCTTGACATGTCCAGGACCGGTCGCAGAGATGTGACCTTCTCTTCGGAGCCTGGAACACAGGTGCTGCATGGCTGTCGTCAGCTCGTGTCGTGAGATGTTGGGTTAAGTCCCGCAACGAGCGCAACCCCCGTCCTTAGTTGCTACCATTTAGTTGAGCACTCTAAGGAGACTGCCGGTGATAAGCCGCGAGGAAGGTGGGGATGACGTCAAGTCCTCATGGCCCTTACGGGCTGGGCTACACACGTGCTACAATGGCGGTGACAATGGGACGCTAAGGGGCAACCCTTCGCAAATCTCAAAAAGCCGTCTCAGTTCGGATTGGGCTCTGCAACTCGAGCCCATGAAGTTGGAATCGCTAGTAATCGTGGATCAGCACGCCACGGTGAATACGTTCCCGGGCCTTGCACTCACCGCCCGT,Bacteria_Proteobacteria_Alphaproteobacteria_Rhizobiales_Bradyrhizobiaceae_Bradyrhizobium,FALSE,16S
ACGCGCGAAACCTTACCAGCCCTTGACATGTCCAGGACCGGTCGCAGAGATGTGACCTTCTCTTCGGAGCCTGGAACACAGGTGCTGCATGGCTGTCGTCAGCTCGTGTCGTGAGATGTTGGGTTAAGTCCCGCAACGAGCGCAACCCCCGTCCTTAGTTGCTACCATTTAGTTGAGCACTCTAAGGAGACTGCCGGTGATAAGCCGCGAGGAAGGTGGGGATGACGTCAAGTCCTCATGGCCCTTACGGGCTGGGCTACACACGTGCTACAATGGCGGTGACAATGGGACGCTAAGGGGCAACCCTTCGCAAATCTCAAAAAGCCGTCTCAGTTCGGATTGGGCTCTGCAACTCGAGCCCATGAAGTTGGAATCGCTAGTAATCGTGGATCAGCACGCCACGGTGAATACGTTCCCGGGCCTTGCACTCACCGCCCGT,Bacteria_Proteobacteria_Alphaproteobacteria_Rhizobiales_Bradyrhizobiaceae_Bradyrhizobium,FALSE,16S
ACGCGCGAAACCTTACCAGCCCTTGACATGTCCAGGACCGGTCGCAGAGATGTGACCTTCTCTTCGGAGCCTGGAACACAGGTGCTGCATGGCTGTCGTCAGCTCGTGTCGTGAGATGTTGGGTTAAGTCCCGCAACGAGCGCAACCCCCGTCCTTAGTTGCTACCATTTAGTTGAGCACTCTAAGGAGACTGCCGGTGATAAGCCGCGAGGAAGGTGGGGATGACGTCAAGTCCTCATGGCCCTTACGGGCTGGGCTACACACGTGCTACAATGGCGGTGACAATGGGACGCTAAGGGGCAACCCTTCGCAAATCTCAAAAAGCCGTCTCAGTTCGGATTGGGCTCTGCAACTCGAGCCCATGAAGTTGGAATCGCTAGTAATCGTGGATCAGCACGCCACGGTGAATACGTTCCCGGGCCTTGCACACACCGCCCGT,Bacteria_Proteobacteria_Alphaproteobacteria_Rhizobiales_Bradyrhizobiaceae_Bradyrhizobium,FALSE,16S
ACGCGCAGAACCTTACCAGCCCTTGACATGTCCAGGACCGGTCGCAGAGATGTGACCTTCTCTTCGGAGCCTGGAACACAGGTGCTGCATGGCTGTCGTCAGCTCGTGTCGTGAGATGTTGGGTTAAGTCCCGCAACGAGCGCAACCCCCGTCCTTAGTTGCTACCATTTAGTTGAGCACTCTAAGGAGACTGCCGGTGATAAGCCGCGAGGAAGGTGGGGATGACGTCAAGTCCTCATGGCCCTTACGGGCTGGGCTACACACGTGCTACAATGGCGGTGACAATGGGACGCTAAGGGGCAACCCTTCGCAAATCTCAAAAAGCCGTCTCAGTTCGGATTGGGCTCTGCAACTCGAGCCCATGAAGTTGGAATCGCTAGTAATCGTGGATCAGCACGCCACGGTGAATACGTTCCCGGGCCTTGTACACACCGCCCGT,Bacteria_Proteobacteria_Alphaproteobacteria_Rhizobiales_Bradyrhizobiaceae_Bradyrhizobium,FALSE,16S
ACGCGATAAACCTTACCAGCCCTTGACATGTCCAGGACCGGTCGCAGAGATGTGACCTTCTCTTCGGAGCCTGGAACACAGGTGCTGCATGGCTGTCGTCAGCTCGTGTCGTGAGATGTTGGGTTAAGTCCCGCAACGAGCGCAACCCCCGTCCTTAGTTGCTACCATTTAGTTGAGCACTCTAAGGAGACTGCCGGTGATAAGCCGCGAGGAAGGTGGGGATGACGTCAAGTCCTCATGGCCCTTACGGGCTGGGCTACACACGTGCTACAATGGCGGTGACAATGGGACGCTAAGGGGCAACCCTTCGCAAATCTCAAAAAGCCGTCTCAGTTCGGATTGGGCTCTGCAACTCGAGCCCATGAAGTTGGAATCGCTAGTAATCGTGGATCAGCACGCCACGGTGAATACGTTCCCGGGCCTTGCACACACTGCCCGT,Bacteria_Proteobacteria_Alphaproteobacteria_Rhizobiales_Bradyrhizobiaceae_Bradyrhizobium,FALSE,16S
ACGCGTAGAACCTTACCAGCCCTTGACATGTCCAGGACCGGTCGCAGAGATGTGACCTTCTCTTCGGAGCCTGGAACACAGGTGCTGCATGGCTGTCGTCAGCTCGTGTCGTGAGATGTTGGGTTAAGTCCCGCAACGAGCGCAACCCCCGTCCTTAGTTGCTACCATTTAGTTGAGCACTCTAAGGAGACTGCCGGTGATAAGCCGCGAGGAAGGTGGGGATGACGTCAAGTCCTCATGGCCCTTACGGGCTGGGCTACACACGTGCTACAATGGCGGTGACAATGGGACGCTAAGGGGCAACCCTTCGCAAATCTCAAAAAGCCGTCTCAGTTCGGATTGGGCTCTGCAACTCGAGCCCATGAAGTTGGAATCGCTAGTAATCGTGGATCAGCACGCCACGGTGAATACGTTCCCGGGCCTTGTACACACCGCCCGT,Bacteria_Proteobacteria_Alphaproteobacteria_Rhizobiales_Bradyrhizobiaceae_Bradyrhizobium,FALSE,16S
ACGCGCGGAACCTTACCAGCCCTTGACATCCCGGTCGCGGACTCCAGAGATGGAGTTCTTCAGTTCGGCTGGACCGGAGACAGGTGCTGCATGGCTGTCGTCAGCTCGTGTCGTGAGATGTTGGGTTAAGTCCCGCAACGAGCGCAACCCCCGTCCTTAGTTGCTACCATTTAGTTGAGCACTCTAAGGAGACTGCCGGTGATAAGCCGCGAGGAAGGTGGGGATGACGTCAAGTCCTCATGGCCCTTACGGGCTGGGCTACACACGTGCTACAATGGCGGTGACAATGGGACGCTAAGGGGCAACCCTTCGCAAATCTCAAAAAGCCGTCTCAGTTCGGATTGGGCTCTGCAACTCGAGCCCATGAAGTTGGAATCGCTAGTAATCGTGGATCAGCATGCCACGGTGAATACGTTCCCGGGCCTTGCACTCACCGCCCGT,Bacteria_Proteobacteria_Alphaproteobacteria_Rhizobiales_Bradyrhizobiaceae_Bradyrhizobium,FALSE,16S
ACGCGCGGAACCTTACCAGCCCTTGACATCCCGGTCGCGGACTCCAGAGATGGAGTTCTTCAGTTCGGCTGGACCGGAGACAGGTGCTGCATGGCTGTCGTCAGCTCGTGTCGTGAGATGTTGGGTTAAGTCCCGCAACGAGCGCAACCCCCGTCCTTAGTTGCTACCATTTAGTTGAGCACTCTAAGGAGACTGCCGGTGATAAGCCGCGAGGAAGGTGGGGATGACGTCAAGTCCTCATGGCCCTTACGGGCTGGGCTACACACGTGCTACAATGGCGGTGACAATGGGACGCTAAGGGGCAACCCTTCGCAAATCTCAAAAAGCCGTCTCAGTTCGGATTGGGCTCTGCAACTCGAGCCCATGAAGTTGGAATCGCTAGTAATCGTGGATCAGCATGCCACGGTGAATACGTTCCCGGGCCTTGTACACACCGCCCGT,Bacteria_Proteobacteria_Alphaproteobacteria_Rhizobiales_Bradyrhizobiaceae_Bradyrhizobium,FALSE,16S
ACGCGTGGAACCTTACCAGCCCTTGACATCCCGGTCGCGGACTCCAGAGATGGAGTTCTTCAGTTCGGCTGGACCGGAGACAGGTGCTGCATGGCTGTCGTCAGCTCGTGTCGTGAGATGTTGGGTTAAGTCCCGCAACGAGCGCAACCCCCGTCCTTAGTTGCTACCATTTAGTTGAGCACTCTAAGGAGACTGCCGGTGATAAGCCGCGAGGAAGGTGGGGATGACGTCAAGTCCTCATGGCCCTTACGGGCTGGGCTACACACGTGCTACAATGGCGGTGACAATGGGACGCTAAGGGGCAACCCTTCGCAAATCTCAAAAAGCCGTCTCAGTTCGGATTGGGCTCTGCAACTCGAGCCCATGAAGTTGGAATCGCTAGTAATCGTGGATCAGCATGCCACGGTGAATACGTTCCCGGGCCTTGTACACACTGCCCGT,Bacteria_Proteobacteria_Alphaproteobacteria_Rhizobiales_Bradyrhizobiaceae_Bradyrhizobium,FALSE,16S
ACGCGTGGAACCTTACCAGCCCTTGACATGTCCCGTATGGATTTCAGAGATGAGATCCTTCAGTTCGGCTGGCGGGAACACAGGTGCTGCATGGCTGTCGTCAGCTCGTGTCGTGAGATGTTGGGTTAAGTCCCGCAACGAGCGCAACCCTCGCCCTTAGTTGCCATCATTCAGTTGGGCACTCTAAGGGGACTGCCGGTGATAAGCCGCGAGGAAGGTGGGGATGACGTCAAGTCCTCATGGCCCTTACGGGCTGGGCTACACACGTGCTACAATGGCGGTGACAGTGGGACGCAATGGAGCAATCCTGCGCAAATCTCAAAAAGCCGTCTCAGTTCGGATTGGGGTCTGCAACTCGACCCCATGAAGTCGGAATCGCTAGTAATCGCGGATCAGCACGCCGCGGTGAATACGTTCCCGGGCCTTGCACACACCGCCCGT,Bacteria_Proteobacteria_Alphaproteobacteria_Rhizobiales_Bradyrhizobiaceae_Variibacter,FALSE,16S
ACGCGTGGAACCTTACCAGGGCTAGAATGCCTCTGACAACCCTAGAGATAGGGCTTCTTAGGGAAACCTAGGCAGAGTGCAAGGTGCTGCATGGCTGTCGTCAGCTCGTGTCGTGAGATGTTGGGTTAAGTCCCGCAACGAGCGCAACCCTTATCTTTAGTTGCTAGCGGTTCGGCCGAGCACTCTAGAGAGACTGCCGTTGACAAAACGGAGGAAGGTGGGGATGACGTCAAGTCCTCATGGCCTTTATGTCCTGGGCTACACACGTGCTACAATGGCCGGTACAAAGCGCTGCAAACTCGCGAGAGGGAGCCAATCGCAAAAAGCCGGTCTCAGTTCGGATTGGAGTCTGCAACTCGACTCCATGAAGCTGGAATCGCTAGTAATCGCAGATCAGCACGCTGCGGTGAATACGTTCCCGGGTCTTGCACACACCGCCCGT,Bacteria_Acidobacteria_Acidobacteria_Gp4_Gp4,FALSE,16S
ACGCGTAAAACCTTACCTGGGCTAGAATGCTGGTGGACCGAGGGTGAAAGCTCTTTTTGTAGCAATACACCGCCAGTAAGGTGCTGCATGGCTGTCGTCAGCTCGTGCCGTGAGGTGTTGGGTTAAGTCCCGCAACGAGCGCAACCCCCATCACTAGTTGCCATCAGGTAAAGCTGGGAACTCTAGTGAAACTGCCGTCGTAAGACGTGAGGAAGGAGGGGATGATGTCAAGTCATCATGGCCTTTATGCCCAGGGCTACACACGTGCTACAATGGAAAGGACAAAGAGCAGCGACATGGTGACATGAAGCTAATCTCAAAAACCTTTTCTCAGTTCAGATTGCAGTCTGCAACTCGACTGCATGAAGCTGGAATCGCTAGTAATCGTATATCAGCAATGATACGGTGAATACGTTCCCGGACCTTGCACACACCGCCCGT,Bacteria_Bacteroidetes_Chitinophagia_Chitinophagales_Chitinophagaceae_Flavitalea,FALSE,16S
ACGCGTTGAACCTTACCTGGGCTAGAATGCTGGTGGACCGAGGGTGAAAGCTCTTTTTGTAGCAATACACCGCCAGTAAGGTGCTGCATGGCTGTCGTCAGCTCGTGCCGTGAGGTGTTGGGTTAAGTCCCGCAACGAGCGCAACCCCCATCACTAGTTGCCATCAGGTAAAGCTGGGAACTCTAGTGAAACTGCCGTCGTAAGACGTGAGGAAGGAGGGGATGATGTCAAGTCATCATGGCCTTTATGCCCAGGGCTACACACGTGCTACAATGGAAAGGACAAAGAGCAGCGACATGGTGACATGAAGCTAATCTCAAAAACCTTTTCTCAGTTCAGATTGCAGTCTGCAACTCGACTGCATGAAGCTGGAATCGCTAGTAATCGTATATCAGCAATGATACGGTGAATACGTTCCCGGACCTTGTACACACCGCCCGT,Bacteria_Bacteroidetes_Chitinophagia_Chitinophagales_Chitinophagaceae_Flavitalea,FALSE,16S
ACGCGCGGAACCTTACCTGGGCTAGAATGCTGGGAGACCGTGGGTGAAAGCTCATTTTGTAGCAATACACTGCCAGCAAGGTGCTGCATGGCTGTCGTCAGCTCGTGCCGTGAGGTGTTGGGTTAAGTCCCGCAACGAGCGCAACCCCTATCACTAGTTGCCATCAGGTAACGCTGGGAACTCTAGTGAAACTGCCGTCGTAAGACGCGAGGAAGGAGGGGATGATGTCAAGTCATCATGGCCTTTATGCCCAGGGCTACACACGTGCTACAATGGAGAGTACAAAGGGCTGCCACTTGGTGACAAGGAGCTAATCCCAAAAAACTCTTCTCAGTTCAGATTGCAGGCTGCAACTCGCCTGCATGAAGCTGGAATCGCTAGTAATCGTATATCAGCAATGATACGGTGAATACGTTCCCGGACCTTGCACACACCGCCCGT,Bacteria_Bacteroidetes_Chitinophagia_Chitinophagales_Chitinophagaceae_Terrimonas,FALSE,16S
ACGCGAGGAACCTTACCTGGGCTAGAATGCTGGGAGACCGTGGGTGAAAGCTCATTTTGTAGCAATACACTGCCAGCAAGGTGCTGCATGGCTGTCGTCAGCTCGTGCCGTGAGGTGTTGGGTTAAGTCCCGCAACGAGCGCAACCCCTATCACTAGTTGCCATCAGGTAACGCTGGGAACTCTAGTGAAACTGCCGTCGTAAGACGCGAGGAAGGAGGGGATGATGTCAAGTCATCATGGCCTTTATGCCCAGGGCTACACACGTGCTACAATGGAGAGTACAAAGGGCTGCCACTTGGTGACAAGGAGCTAATCCCAAAAAACTCTTCTCAGTTCAGATTGCAGGCTGCAACTCGCCTGCATGAAGCTGGAATCGCTAGTAATCGTATATCAGCAATGATACGGTGAATACGTTCCCGGACCTTGCACACACCGCCCGT,Bacteria_Bacteroidetes_Chitinophagia_Chitinophagales_Chitinophagaceae_Terrimonas,FALSE,16S
ACGCGTGGAACCTTACCTGGGCTAGAATGTATTTTGACCGCAGGTGAAAGCTTGTTTTGTAGCAATACACAATTTACAAGGTGCTGCATGGCTGTCGTCAGCTCGTGCCGTGAGGTGTTGGGTTAAGTCCCGCAACGAGCGCAACCCCTATCACTAGTTGCCATCAGGTAACGCTGGGAACTCTAGTGAAACTGCCGTCGTAAGACGCGAGGAAGGAGGGGATGATGTCAAGTCATCATGGCCTTTATGCCCAGGGCTACACACGTGCTACAATGGAGAGTACAAAGGGCTGCCACTTAGCGATAAGGAGCCAATCCCAAAAAACTCTTCTCAGTTCAGATTGCAGGCTGCAACTCGCCTGCATGAAGCTGGAATCGCTAGTAATCGTATATCAGCAATGATACGGTGAATACGTTCCCGGACCTTGCACTCACCGCCCGT,Bacteria_Bacteroidetes_Chitinophagia_Chitinophagales_Chitinophagaceae,FALSE,16S
ACGCGTAAAACCTTACCTACCCTTGACATGTCCTGGAGGCTGGGGAAACCCGGCTGTGCCCGAAAGGGAACGGGAACACAGGTGCTGCATGGCTGTCGTCAGCTCGTGTCGTGAGATGTTGGGTTAAGTCCCGCAACGAGCGCAACCCTTGTCATTAGTTGCTACATTCAGTTGGGCACTCTAATGAGACTGCCGGTGACAAACCGGAGGAAGGTGGGGATGACGTCAAGTCCTCATGGCCCTTATGGGTAGGGCTTCACACGTAATACAATGGCGCGTACAGAGGGCTGCTAAGCCGCGAGGTAGAGCCAATCCCTTAAAGCGCGTCGTAGTCCGGATTGCAGTCTGCAACTCGACTGCATGAAGTCGGAATCGCTAGTAATCGCGGATCAGCATGTCGCGGTGAATACGTTCCCGGGTCTTGCACACACCGCCCGT,Bacteria_Proteobacteria_Betaproteobacteria_Nitrosomonadales,FALSE,16S
ACGCGTGAAACCTTACCTACCCTTGACATGTATGGAACCTGGCTGAGAGGTCGGGGTGCCCGAAAGGGAGCCATAACACAGGTGCTGCATGGCTGTCGTCAGCTCGTGTCGTGAGATGTTGGGTTAAGTCCCGCAACGAGCGCAACCCTTGTCCCTAGTTGCTACGCAAGAGCACTCTAGGGAGACTGCCGGTGACAAACCGGAGGAAGGTGGGGATGACGTCAAGTCCTCATGGCCCTTATGGGTAGGGCTTCACACGTCATACAATGGTCGGAACAGAGGGTCGCCAACCCGCGAGGGGGAGCCAATCCCAGAAAACCGATCGTAGTCCGGATCGCACTCTGCAACTCGAGTGCGTGAAGCTGGAATCGCTAGTAATCGCGGATCAGCATGCCGCGGTGAATACGTTCCCGGGTCTTGCACTCACCGCCCGT,Bacteria_Proteobacteria_Betaproteobacteria_Burkholderiales_Burkholderiaceae_Paraburkholderia,FALSE,16S
ACGCGTTGAACCTTACCTACCCTTGACATGTCAAGAATTTCGCAGAGATGTGGAAGTGCTCGAAAGAGAACTTGAACACAGGTGCTGCATGGCCGTCGTCAGCTCGTGTCGTGAGATGTTGGGTTAAGTCCCGCAACGAGCGCAACCCTTGTCATTAGTTGCTACGAAAGGGCACTCTAATGAGACTGCCGGTGACAAACCGGAGGAAGGTGGGGATGACGTCAGGTCCTCATGGCCCTTATGGGTAGGGCTACACACGTCATACAATGGCCGGTACAGAGGGTCGCCAACCCGCGAGGGGGAGCCAATCCCAGAAAACCGGTCGTAGTCCGGATCGCAGTCTGCAACTCGACTGCGTGAAGTCGGAATCGCTAGTAATCGCGGATCAGCTTGCCGCGGTGAATACGTTCCCGGGTCTTGCACACACCGCCCGT,Bacteria_Proteobacteria_Betaproteobacteria_Burkholderiales_Comamonadaceae_Aquabacterium,FALSE,16S
ACGCGATAAACCTTACCTACCCTTGACATGTCAAGAATTTCGCAGAGATGTGGAAGTGCTCGAAAGAGAACTTGAACACAGGTGCTGCATGGCCGTCGTCAGCTCGTGTCGTGAGATGTTGGGTTAAGTCCCGCAACGAGCGCAACCCTTGTCATTAGTTGCTACGAAAGGGCACTCTAATGAGACTGCCGGTGACAAACCGGAGGAAGGTGGGGATGACGTCAGGTCCTCATGGCCCTTATGGGTAGGGCTACACACGTCATACAATGGCCGGTACAGAGGGTCGCCAACCCGCGAGGGGGAGCCAATCCCAGAAAACCGGTCGTAGTCCGGATCGCAGTCTGCAACTCGACTGCGTGAAGTCGGAATCGCTAGTAATCGCGGATCAGCTTGCCGCGGTGAATACGTTCCCGGGTCTTGCACACACCGCCCGT,Bacteria_Proteobacteria_Betaproteobacteria_Burkholderiales_Comamonadaceae_Aquabacterium,FALSE,16S
ACGCGTGGAACCTTACCTACCCTTGACATGTCAAGAATTTCGCAGAGATGTGGAAGTGCTCGAAAGAGAACTTGAACACAGGTGCTGCATGGCCGTCGTCAGCTCGTGTCGTGAGATGTTGGGTTAAGTCCCGCAACGAGCGCAACCCTTGTCATTAGTTGCTACGAAAGGGCACTCTAATGAGACTGCCGGTGACAAACCGGAGGAAGGTGGGGATGACGTCAGGTCCTCATGGCCCTTATGGGTAGGGCTACACACGTCATACAATGGCCGGTACAGAGGGTCGCCAACCCGCGAGGGGGAGCCAATCCCAGAAAACCGGTCGTAGTCCGGATCGCAGTCTGCAACTCGACTGCGTGAAGTCGGAATCGCTAGTAATCGCGGATCAGCTTGCCGCGGTGAATACGTTCCCGGGTCTTGCACACACCGCCCGT,Bacteria_Proteobacteria_Betaproteobacteria_Burkholderiales_Comamonadaceae_Aquabacterium,FALSE,16S
CAGCCGCGGTAATTCCAGCTCCAATAGCGTATATTAAAGTTGTTGCAGTTAAAAAGCTCGTAGTTGAATTTCGGGATCAAATTGTCGGTCGTGCCTCGGTACGTACTGGTATTATTGGTTCCTCCCTTCTGACGAACCACGATGTCATTAATTTGGTGTCATGGGAAATCAGGACTGTTACTTTGAAAAAATTAGAGTGTTTAAAGCAGGCTCGCGCTTGAATACATTAGCATGGAATAATGAAATAGGACGTTTGATTCTATTTTGTTGGTTTCTAGGATCGACGTAATGATTAATAGGGATAGTTGGGGGCATTAGTATTCAATTGTCAGAGGTGAAATTCTTGGATTTATTGAAGACTAACTACTGCGAAAGCATTTGCCAAGGATGTTTTCATTAATCAAGAACGAAAGTTAGGGGATCGAAGACGATCAGATACCGTCGTAGTCTTAACCATAAACTATGCCGACTAGGGATCGGATGATGTTAATTTTTTAATGACTCATTCGGCGCCTTACGGGAAACCAAAGTGTTTGGGTTC,Eukaryota_Obazoa_Opisthokonta_Fungi_Mucoromycota_Glomeromycotina_Glomeraceae_Glomus_Glomus sp.,FALSE,18S
CAGCCGCGGTAATTCCAGCTCCAATAGCGTATATTAAAGTTGTTGCAGTTAAAAAGCTCGTAGTTGAATTTCGGGATCAAATTGTCGGTCGTGCCTCGGTACGCACTGGCGTTATTGGTTCCTCCCTTCTGAAGAACCGCGATGTCATTAATTTGGTGTCGCGGGGAATCAGGACTGTTACTTTGAAAAAATTAGAGTGTTTAAAGCAGGCTCGCGCTTGAATACATTAGCATGGAATAATGAAATAGGACGTTTGATTCTATTTTGTTGGTTTCTAGGATCGACGTAATGATTAATAGGGATAGTTGGGGGCATTAGTATTCAATTGTCAGAGGTGAAATTCTTGGATTTATTGAAGACTAACTACTGCGAAAGCATTTGCCAAGGATGTTTTCATTAATCAAGAACGAAAGTTAGGGGATCGAAGACGATCAGATACCGTCGTAGTCTTAACCATAAACTATGCCGACTAGGGATCGGATGATGTTAATTTTTTAATGACTCATTCGGCGCCTTACGGGAAACCAAAGTGTTTGGGTTC,Eukaryota_Obazoa_Opisthokonta_Fungi_Mucoromycota_Glomeromycotina_Glomerales_Glomus_Glomus sp.,FALSE,18S
CAGCCGCGGTAATTCCAGCTCCAATAGCGTATATTAAAGTTGTTGCAGTTAAAAAGCTCGTAGTTGAATTTCGGGATTGACACATCGGTCGTGCCTTAAGGGGTATGAACTGGTGTAGTCAATTTCTCACCTTCTGGAGAACCGCGATGCCCTTAATTGGGTGTCGCGGGGAACCAGGACCTTTACTTTGAAAAAATTAGAGTGTTTAAAGCAGGCATTTTGCTTGAATACATTAGCATGGAATAATAAAATAGGACGGCATGATTCTATTTTGTTGGTTTCTAGGATCACCGTAATGATTAATAGGGATAGTTGGGGGCATTAGTATTCAATTGTCAGAGGTGAAATTCTTGGATTTATTGAAGACTAACTACTGCGAAAGCATTTGCCAAGGATGTTTTCATTAATCAAGAACGAAAGTTAGGGGATCGAAGACGATTTATGTACGTCGTAGTCTTAACCATAAACTATGCCGACTAGGAATCAGACAAAGTTCATTTTTTAACGACTTGTTTGGTACCTTACGGGAAACCAAAGTGTTTGGGTTC,Eukaryota_Obazoa_Opisthokonta_Fungi_Mucoromycota_Glomeromycotina_Glomerales_Claroideoglomus_Claroideoglomus sp.,TRUE,18S
CAGCCGCGGTAATTCCAGCTCCAATAGCGTATATTAAAGTTGTTGCAGTTAAAAAGCTCGTAGTTGAATTTCGGGATCAGTTGGTCGGTCGTGCCTCGGTACGTACTGGTCAAATTGATTCCTACCTTCTGACGAACCACGATGTCATTAATTTGGTGTCGCGGGGAATCAGGACTGTTACTTTGAAAAAATTAGAGTGTTTAAAGCAGGCTCGCGCTTGAATACATTAGCATGGAATAATGAAATAGGACGTTTGATTCTATTTTGTTGGTTTCTAGGATCGACGTAATGATTAATAGGGATAGTTGGGGGCATTAGTATTCAATTGTCAGAGGTGAAATTCTTGGATTTATTGAAGACTAACTACTGCGAAAGCATTTGCCAAGGATGTTTTCATTAATCAAGAACGAAAGTTAGGGGATCGAAGACGATCAGATACCGTCGTAGTCTTAACCATAAACTATGCCGACTAGGGATCGGATGATGTTAATTTTTTAATGACTCATTCGGCGCCTTACGGGAAACCAAAGTGTTTGGGTTC,Eukaryota_Obazoa_Opisthokonta_Fungi_Mucoromycota_Glomeromycotina_Glomeraceae_Glomus_Glomus Liu2012b Phylo-6 18S rDNA VTX00135,FALSE,18S
CAGCCGCGGTAATTCCAGCTCCAATAGCGTATATTAGTGTTGTTGCGGTTAAAAAGCTCGTAGTTGAATTTCGGGATTGGGATATATCGGTCATGCCTTTAGGGGCATGAATCGGTGTGTAGCCAATTTCTCACCTTCTGGTGAATTGGGATGCTCTTGGGTGTTTCAATGAACTAGGACTTTTACTTTGAAAAAAATATAGTGTTTAAAGCGGGCATTTTTGCTTGAATACATTAGCATGGAATAATAAAATAGGACGGCATGATTCTATTTTGTTGGTTTCTAGGATCACCGTAATGATTAATAGGGATAGTTGGGGGCATTAGTATTCAATTGTCAGAGGTGAAATTCTTGGATTTATTGAAGACTAACTACTGCGAAAGCATTTGCCAAGGATGTTTTCATTAATCAAGAACGAAAGTTAGGGGATCGAAGACGATCAGATACCGTCGTAGTCTTAACCATAAACTATGCCGACTAGGAATCAGACGATGTTAATTTTTTAATGACTCGTTTGGCACCTTACGGGAAACCAAAGTGTTTGGGTTC,Eukaryota_Obazoa_Opisthokonta_Fungi_Mucoromycota_Glomeromycotina_Claroideoglomeraceae_Claroideoglomus_Claroideoglomus sp.,FALSE,18S
CAGCCGCGGTAATTCCAGCTCCAATAGCGTATATTAAAGTTGTTGCAGTTAAAAAGCTCGTAGTTGAATTTCGGGATCAAATTGTCGGTCGTGCCTCGGTACGCACTGGCGTTATTGGTTCCTCCCTTCTGAAGAACCGCGATGTCATTAATTTGGTGTCGCGGGGAATCAGGACTGTTACTTTGAAAAAATTAGAGTGTTTAAAGCAGGCTCGCGCTTGAATACATTAGCATGGAATAATGAAATAGGACGTTTGATTCTATTTTGTTGGTTTCTAGGATCGACGTAATGATTAATAGGGATAGTTGGGGGCATTAGTATTCAATTGTCAGAGGTGAAATTCTTGGATTTATTGAAGACTAACTACTGCGAAAGCATTTGCCAAGGATGTTTTCATTAATCAAGAACGAAAGTTAGGGGATCGAAGACGATCAGATACCGTCGTAGTCTTAACCATAAACTATGCCGACTAGGGATCGGATGATGTTAATTTTTTAATGACTCATTCAGCGCCTTACGGGAAACCAAAGTGTTTGGGTTC,Eukaryota_Obazoa_Opisthokonta_Fungi_Mucoromycota_Glomeromycotina_Glomeromycotina sp.,FALSE,18S
CAGCCGCGGTAATTCCAGCTCCAATAGCGTATATTAAAGTTGTTGCAGTTAAAAAGCTCGTAGTTGAATTTCGGGATCAATATATCGGTCGTGCCTTGGTACGTACTGGTATCATTGGTCTCTCCTTTCTGACGAACCATGATGTCATTAATTTGGTGTTATGGGAAGTTAGGACTGTTACTTTGAAAAAATTAGAGTGTTTAAAGCAGGCTTTAGCTTGAATACATTAGCATGGAATAATGAAATAGGACGTTCGAACCTATTTTGTTGGTTTCTAGGATCAACGTAATGATTAATAGGGATAGTTGGGGGCATTAGTATTCAATTGTCAGAGGTGAAATTCTTGGATTTATTGAAGACTAACTACTGCGAAAGCATTTGCCAAGGATGTTTTCATTAATCAAGAACGAAAGTTAGGGGATCGAAGACGATCAGATACCGTCGTAGTCTTAACCATAAACTATGCCGACTAGGGATCGGATGATGTTAATTTTTTAATGACTCATTCGGCGCCTTACGGGAAACCAAAGTGTTTGGGTTC,Eukaryota_Obazoa_Opisthokonta_Fungi_Mucoromycota_Glomeromycotina_Glomerales_Glomus_Glomus sp.,TRUE,18S
CAGCCGCGGTAATTCCAGCTCCAATAGCGTATATTAAAGTTGTTGCAGTTAAAAAGCTCGTAGTTGAACTTCGGGGTCTACCCATTGGTCAGGCTTTATTGTCTGTACTGGTGAGATGGATCTCTACCTTCTGAGGAACTTTCATGCCATTTATTTGGTGTGGTTGGAAATCAGGACTGTTACTTTGAAAAAATTAGAGTGTTTAAAGCAGACTATCGTCTGAATACATTAGCATGGAATAATGAAATAGGACGGACTGATTCTATTTCGTTGGTTTCTAGGATCACCGTAATGATTAATAGGGATAGTTGGGGGCATTAGTATTCAATTGTCAGAGGTGAAATTCTTGGATTTATTGAAGACTAACTACTGCGAAAGCATTTGCCAAGGATGTTTTCATTAATCAAGAACGAAAGTTAGGGGATCGAAGACGATCAGATACCGTCGTAGTCTTAACCATAAACTATGCCGACTAGGGATCGGACGAAGTTAATTTTATAATGACGCGTTCGGCACCTTACGGGAAACCAAAGTGTTTGGGTTC,Eukaryota_Obazoa_Opisthokonta_Fungi_Mucoromycota_Glomeromycotina_Diversiporales_Diversispora_Diversispora sp.,FALSE,18S
AAAACCACTCAAGTAGTTTTGCTTGGTAATGAAAGAAGAGTTTGCTTGCGGATTCCCTTTCGAAATTCAATGGCGGAGAGTCTCATGATTCTGGCGTAGTAATAACTTATTCGCTTGGTCATTGTAACAATCCTGCCCCAAATCCCCAATTCTAGT,k__Fungi_p__Ascomycota_c__Pezizomycetes_o__Pezizales_f__Pyronemataceae_g__Pustularia,TRUE,ITS
AATACCACTCAAGCTCTTCTGCTTGGTCATGGAAGAAGAGAATGCTTGCATCCTCTCTTCTGAAATCGAACGGCGGACTGCCTCATGTGCCTCGCGTAGTAAGTTCATCTTTTCGCTTGGAGTGTGAGATAGTCTCGCCATCAACCCCCATACTTCTAA,k__Fungi_p__Ascomycota_c__Pezizomycetes_o__Pezizales_f__Pyronemataceae_g__Wilcoxina_s__rehmii,TRUE,ITS
AATACCTCTCAAGCACCATTGCTTGGTCATGGAAGATGAGTATGCTTGCATTCTCCCTTCTGAAATTCAAAGGCGGATCATCTCATATTCCCTGGCGTAGTAAGTGTTTATCTTTCGCTTGGAGTGTCTGACAGTCTTGCCATCGACCCCCATTATTTCAA,k__Fungi_p__Ascomycota_c__Pezizomycetes_o__Pezizales_f__Pyronemataceae_g__Wilcoxina_s__mikolae,TRUE,ITS
AAAACCACTCAAGTAGTTTTGCTTGGTCATGAAAGAAGAGTTTGCTTGCGGATTCCCTTTCGAAATTCAATGGCAGAGAGTCTCATGATTCCGGCGTAGTAATAACTTATTCGCTTGGTCATTGTAACAATCTTGCCCCAAACCCCCAATTCTAGT,k__Fungi_p__Ascomycota_c__Pezizomycetes_o__Pezizales_f__Pyronemataceae_g__Pustularia,TRUE,ITS
TAACCCTCAAGCTCAGCTTGGCGTTGGGGCCTGCCGTCACCGGCAGCCCTTAAAATCAGTGGCGGTGCCATCTGGCTCTAAGCGTAGTAATTCTTCTCGCTACAGGGCCCCGGTGGATGCTGGCCAACAACCCCTAATTTTCTAT,k__Fungi_p__Ascomycota_c__Leotiomycetes_o__Helotiales_f__Helotiales_fam_Incertae_sedis_g__Leohumicola,TRUE,ITS
CAACCATCAAGCCCCCGTGCTTGCGTTGGGGCACCGCGGCCGCCGCGGTCCCTGAAAACCAGTGGCGGGCTCGCTGTCACTCCGGGCGCAGTACTATATCTCGCTCTGGACGTGCGGCGGGTGCCGGCCGTTAAACACCCCTTCATACCAA,k__Fungi_p__Ascomycota_c__Sordariomycetes_o__Sordariales_f__Chaetomiaceae_g__Chaetomiaceae_gen_Incertae_sedis,TRUE,ITS
CAACCCTCAAGCACTGCTTGGTGTTGGGGCGTCTGCAGCTCCGGCTGCAGGCCCTGAAAAACAGTGGCGGGCTCGCTATAACTCCGAGCGTAGTAATATATCCTCGCTTTGGAAGTGTAGCGGTTCCCGGCCGTTAAACCCCCCAATTTCTGAA,k__Fungi_p__Ascomycota_c__Sordariomycetes_o__Sordariomycetes_ord_Incertae_sedis_f__Thyridiaceae_g__Thyridium_s__curvatum,TRUE,ITS
TAATCTCACTTCAACGACTTTATTGTTGTTTGAATGTGGACTTGGATGTTGCCGTGTCATTACGGCTCGTCTTAAATGCTTGAGTGTACCCTGTTTTGCAGTGTATCCAGTGTAATAAACATTTCACTAGAGTTGGTCGAAAGACCGCATTTGCCATTCGGGCTCTATGCTTCGAACCGTCTACTTTGTGGACAATTTCTTGACAA,k__Fungi_p__Basidiomycota_c__Agaricomycetes_o__Sebacinales_f__Sebacinales_fam_Incertae_sedis_g__Sebacinales_gen_Incertae_sedis,TRUE,ITS
TAACCACTCAAGCTCTCGCTTGGTATTGGGGTTCGCGGTTTCGCGGCCCCTAAAATCAGTGGCGGTGCCTGTCGGCTCTACGCGTAGTAATACTCCTCGCGATTGAGTCCGGTAGGTCTACTTGCCAGCAACCCCCAATTTTTACA,k__Fungi_p__Ascomycota_c__Leotiomycetes_o__Helotiales,TRUE,ITS
TAATCTCACTTCAACAACTTTATTGTTGTTTGAATGTGGACTTGGATGTTGCCGTGTCATTACGGCTCGTCTTAAATGCTTGAGTGTACCCTGTTTTGCAGTGTATCCAGTGTAATAAACATTTCACTAGAGTTGGTCGAAAGACCGCATTTGCTATTCGGGCTCTATGCTTCGAACCGTCTACTTTGTGGACAACTTCTTGACAA,k__Fungi_p__Basidiomycota_c__Agaricomycetes_o__Sebacinales,TRUE,ITS
CAACCATCAAGCCCCCCGTGCTTGCGTTGGGGCACCGCGGCCGCCGCGGTCCCTGAAAACCAGTGGCGGGCTCGCTGTCACTCCGGGCGCAGTACTATATCTCGCTCTGGACGTGCGGCGGGTGCCGGCCGTTAAACACCCCTTCATACCAA,k__Fungi_p__Ascomycota_c__Sordariomycetes_o__Sordariales_f__Chaetomiaceae_g__Chaetomiaceae_gen_Incertae_sedis,TRUE,ITS
GTACCCTCAAGCTCTGCTTGGTGTTGGGTGTTTGTCTTTTCCACGCGATCAGACTCGCCTTAAAATAATTGGCAGCCAGTGTTTTGGTTTTGAAGCGCAGCACAAGTCGCGATTCAGCTTATATCACTAGTTTCCATTAAGCAATTTATCAC,k__Fungi_p__Ascomycota_c__Dothideomycetes_o__Pleosporales_f__Phaeosphaeriaceae_g__Paraphoma_s__fimeti,TRUE,ITS
CAACCCTCAAGCTCTGCTTGGTCTTGGGTGTCACCTATCATAGGGTGCGCCTCAAAATCAGTGGCGGTGCGGCCCAGCCTCGAGCGTAGTAGTTTGTCTCGCTCTGGAGCCTGGGCGGCATACCTGCCAACAACCCCAACTATACCAAA,k__Fungi_p__Ascomycota,TRUE,ITS
TAACCACTCAAGCCTCGGCTTGGTCTTGGGGTTCGCGGTTTCGCGGCCCTTAAAATCAGTGGCGGTGCCGTCTGGCTCTAAGCGTAGTAATTCTCTCGCTATAGGGTCCAGGTGACCACCTGCCATAACCCCCCATTCTTTAC,k__Fungi_p__Ascomycota_c__Leotiomycetes_o__Helotiales_f__Hyaloscyphaceae_g__Hyaloscypha_s__finlandica,TRUE,ITS
TAACCACTCAAGCCTCGGTTTGGTCTTGGGGTTCGCGGTTTCGCGGCCCTTAAAATCAGTGGCGGTGCCGTCTGGCTCTAAGCGTAGTAATTCTCTCGCTATAGGGTCCAGGTGACCACCTGCCATAACCCCCCATTCTTTAC,k__Fungi_p__Ascomycota_c__Leotiomycetes_o__Helotiales_f__Hyaloscyphaceae_g__Hyaloscypha_s__finlandica,TRUE,ITS
AATACCACTCAAGCTCTTCTGCTTGGTCATGGAAGAAGAGCATGCTTGCATCCTCTCTTCTGAAATCGAACGGCGGACTGCCTCATGTGCCTCGCGTAGTAAGTTCATCTTTTCGCTTGGAGTGTGAGATAGTCTCGCCATCAACCCCCATACTTCTAA,k__Fungi_p__Ascomycota_c__Pezizomycetes_o__Pezizales_f__Pyronemataceae_g__Wilcoxina_s__rehmii,TRUE,ITS
TGACCAATCCCGCAAGGGGTCTTGGGGTCCGCGGTTTGCTGCGGCCCTTAAAATCAGTGGCGGCGCCAGCGGTGCTCTCAGCGTAGTAATACTCCTCGCTTGGGAACCACGGTGGATGCTTGCCAGCAACTCAAACTTATATTA,k__Fungi_p__Ascomycota_c__Leotiomycetes_o__Helotiales_f__Tricladiaceae_g__Spirosphaera,TRUE,ITS
AAAAATCACTCAAGCTCTTTTGCTTGGTCTTGGAAAGAAGAGTCCGCTGGTTTGTCTCTCTTCCGAAATGTAATGTCGGAAGCCCTCATGCACCTGGCGTAGTAATTAACTATTCGCCTTGGGTCTTGAAACATTCCTGTCAACACACCCAATTTTATCTA,k__Fungi_p__Ascomycota,TRUE,ITS
AAATCACATCAAGCAATTTTGCATGGTCATGGAGGAAGAGCCCACCTGGTGTGGACTCCCCGCCGAAATGCAATGGCGGAAAGTCTCCGATACTCGGCGTAGTAGTAACGTTCGCTTTGTGTTCAGAGTCATTCCTGCCAGCAAAACCCCCCACAATTCTTT,k__Fungi_p__Ascomycota_c__Pezizomycetes_o__Pezizales_f__Pyronemataceae_g__Geopora_s__cooperi,TRUE,ITS
CAACCATCAAGCCCCAGGCTTGTGTTGGGGCTCTGCGGAGACGCAGACCCCTAAAAGCAGTGGCGGGCTCGCTGTCATCCCGAGCGCAGTATTATATCTTCGCTTTGGGCGTGGCGGCGGGTTCTAGCCGTGAAACCACCTATTTTCTCAA,k__Fungi_p__Ascomycota_c__Sordariomycetes_o__Sordariales_f__Chaetomiaceae_g__Chaetomium,TRUE,ITS
AATTCTCAACCTTTTCAACTTTTTCTGTTGATCAGGCTTGGATGTGGGAGTATGCGGGCTTCTCAGAAGTCGGCTCTCCTGAAATGCATTAGCGGGACCTTTGTTGCCTGGCTTTGGTGTGATAATTATCTACGCCATTGTGAAGAGCAGCTTTATAAAGGAGGTTCAGCTTCTAATCGTCTCTTTCGAGACAACTTCTGACA,k__Fungi_p__Basidiomycota_c__Agaricomycetes_o__Agaricales_f__Tricholomataceae_g__Tricholoma_s__triste,TRUE,ITS
CCCCCCAACTCAAACTTTTGTTAGTTTGGATTACTTTGAAGGTGTAGCTTGTCAAAGCTGCTTTTCAGAAATTCATAGGCAGTATGGTTATTCCTAGACCAGACGTAATAATAATAAAACCGTCTTTTTGGGAAAGAATTGTGCTTGCCTCAACCCACCCATTATCTTTTTACTT,k__Fungi_p__Ascomycota_c__Pezizomycetes_o__Pezizales_f__Pezizaceae_g__Plicaria,TRUE,ITS
TAATCTCACTTCAACAACTTTTTTGTTGTTCGAATGTGGACTTGGATGTTGTCGTGTTCAACGACTCGTCTTAAATGCCTGAGTGTACCCTGCTTTGCAGCGTATCAGTGTGATAAACATCTTCACTGTTAAGTTCCTTGTGAACACGCTCGTGTCGTGGGCTCTATGCTTCGAACCGTCTTTGGACAATCTTTGACAA,k__Fungi_p__Basidiomycota_c__Agaricomycetes_o__Sebacinales_f__Serendipitaceae_g__Serendipita,TRUE,ITS
TAACCCTCAAGCTCAGCTTGGCGTTGGGGCCTGCCGTCACCGGCAGCCCTTAAAATCAGTGGCGGTGCCATCTGGCTCTAAGCGTAGTAATTCTTCTCGCTACAGGGCCCCGGTGGATGCTGGCCAACAACCCCCAATTTTTCTAT,k__Fungi_p__Ascomycota_c__Leotiomycetes_o__Helotiales_f__Helotiales_fam_Incertae_sedis_g__Leohumicola,TRUE,ITS
CAACCCTCAAGCTCTGCTTGGTGTTGGGGCCCTACGGCTGCCGTAGGCCCTGAAATACAGTGGCGGGCTCGCTACATCTCCGAGCGTAGTAGGACACTATCTCGCTAGGGAGGTGCGGCGTGCTCCGGCCGTTAAAGACCCAATCTTTAACCCAA,k__Fungi_p__Ascomycota_c__Sordariomycetes_o__Coniochaetales_f__Coniochaetaceae_g__Coniochaeta,TRUE,ITS
AATTCTCAATCTTTCAGGTTTCTTAATGAAATCAGTCAGACTTGGATATTGGAGGTTAGCAGGCTTCTTAGTCTGCTCCTCTTAAATGCATTAGCGGAACCTAACATTGTCCAATTTTTTGGTGTGATAATTATCTACATCATAATGGGTACAAACTTTTGTAGGGTTCGGCTTCTAACAGTCCATTCACTTGGACAACTCTTGACA,k__Fungi_p__Basidiomycota_c__Agaricomycetes_o__Agaricales_f__Tricholomataceae_g__Cystodermella_s__granulosa,TRUE,ITS
CAACCCTCAAGCCTAGCTTGGTATTGGGTGTCACCGGCACGGTGCGCCTTAAAATCAGTGGCGGTGCCATCTGGCTTCAAGCGTAGTAATACTTCTCGCTCTGGATCCCGGGTGGTTACTTGCCAACAACCCCATATTTTTTAA,k__Fungi_p__Ascomycota_c__Leotiomycetes_o__Helotiales_f__Helotiaceae_g__Calyptrozyma,TRUE,ITS
TAATCTCACTTCAACAACTTTTGTTGTGGAATGTGGACTTGGATGTTGTCGTGTTCAACGACTCGTCTCAAATGCCTGAGTGTACCCTGCTTTGCAGCGTATCAGTGTGATAAACATCTTCACTGTTAAGTCTTCGGACACGCTTTGTATCGTGGGCTCTATGCTTCGAACCGTCTTTGGACAATCTCTGACAA,k__Fungi_p__Basidiomycota_c__Agaricomycetes_o__Sebacinales_f__Serendipitaceae_g__Serendipita,TRUE,ITS
TAATCTCACTTCAACAACTTTTTTGTTGTTCGAATGTGGACTTGGATGTTGTCGTGTTCAACGACTCATCTTAAATGCCTGAGTGTACCCTGCTTTGCGGCGTATCAGTGTGATAAACATCTTCACTGTTAAGTTCCTTGTGAACACGCTCGTGTCGTGGGCTCTATGCTTCGAACCGTCTTTGGACAATCTTTGACAA,k__Fungi_p__Basidiomycota_c__Agaricomycetes_o__Sebacinales_f__Serendipitaceae_g__Serendipita,TRUE,ITS
TAATCTCACTTTAACAACTTTTTTGTTGTTGAATGTGGACTTGGATGTTGTCGTGTTAACGACTCGTCTTAAATGCCTGAGTGTACCCTGCTTTGCAGCGTATCAGTGTGATAAACATCTTCACTGTTAAGTCCTTTTGGACACGCTTGTGTTGTGGGCTCTATGCTTCCAACCGTCTTTGGACAATCTCTGACAA,k__Fungi_p__Basidiomycota_c__Agaricomycetes_o__Sebacinales_f__Serendipitaceae_g__Serendipita,TRUE,ITS
TAACCATTCAAGCCTCGGCTTGGTCTTGGGGTTCGCGGTTTCGCGGCCCTTAAATTCAGTGGCGGTGCCGTCTGGCTCTAAGCGTAGTAATTCTCTCGCTATAGGGTCCAGGTGACCACCTGCCAGAACCCCCCATTCTTTAC,k__Fungi_p__Ascomycota_c__Leotiomycetes_o__Helotiales_f__Hyaloscyphaceae_g__Hyaloscypha_s__finlandica,TRUE,ITS
TAACCCTCAAGCCTAGCTTGGTGTTGGAGCATGCTACCTAGCAGCTCTTAAAATCAGTGGCAGTGCCCTTCGGCCCTAAGCGTAGTAACTTTTCTCGCTACAGAGCCCGGAGGGTCCGCGCCAGAACCCCCAACTTTCTAT,k__Fungi_p__Ascomycota_c__Leotiomycetes_o__Helotiales_f__Hyaloscyphaceae_g__Cistella,TRUE,ITS
CAACCCTCAAGCCCTGCTTGGTGTTGGGGCCCTACGGCTGCCGTAGGCCCTGAAAGGAAGTGGCGGGCTCGCTACAACTCCGAGCGTAGTAATTCATTATCTCGCTAGGGACGTTGCGGCGCGCTCCTGCCGTTAAAGACCATCTTTAACTCAA,k__Fungi_p__Ascomycota_c__Sordariomycetes_o__Coniochaetales_f__Coniochaetaceae_g__Coniochaeta,TRUE,ITS
TAATCTCACTCCAACACCTTTATTGATGTTGGATGTGGACTTGGATGTTGTCGTGTTCAACGACTCGTCTTAAATGCCTGAGTGTACCCTGCTTTGCAGCGTATCAGTGTGATAAACATCTTCACTGTTAAGTCTTTCGGGACACGCTTGTGTTGTAGGCTCTATGCTTTCCAACCGTCCTCTGGACAATCTCTGACAA,k__Fungi_p__Basidiomycota_c__Agaricomycetes_o__Sebacinales_f__Sebacinales_fam_Incertae_sedis_g__Sebacinales_gen_Incertae_sedis,FALSE,ITS
AAAATCACTCAAGCTCTTTTGCTTGGTCTTGGAAAGAAGAGTCCGCTGGTTTGTCTCTCTTCCGAAATGTAATGGCGGAAGCCCTCATGCACCTGGCGTAGTAATTAACTATTCGCCTTGGGTCTTGAAACATTCCTGTCAACACACCCAATTTTATCTA,k__Fungi_p__Ascomycota_c__Pezizomycetes_o__Pezizales,TRUE,ITS
TAACCACTCAAGCCTCGGCTTGGTCTTGGGGTTCGCGGTTTCGCGGCCCTTAAAATCAGTGGCGGTGCCGTCTGGCTCTAAGCGTAGTAATTCTCTCGCTATAGGGTCCAGGTGACCACCTGCCATAACCCTCCATTCTTTAC,k__Fungi_p__Ascomycota_c__Leotiomycetes_o__Helotiales_f__Hyaloscyphaceae_g__Hyaloscypha_s__finlandica,TRUE,ITS
TAATCTCACTTCAACGACTTTATTGTTGTTTGAATGTGGACTTGGATGTTGCCGTGTCATTACGGCTCGTCTTAAATGCTTGAGTGTACCCTGTTTTGCAGTGTATCCAGTGTAATAAACATTTCACTAGAGTTGGTCGAAAGACCACATTTGCTATTCGGGCTCTATGCTTCGAACCGTCTACTTTGTGGACAATTTCTTGACAA,k__Fungi_p__Basidiomycota_c__Agaricomycetes_o__Sebacinales_f__Serendipitaceae_g__Serendipita_s__herbamans,TRUE,ITS
CAACCATTCAAGCCTCGGCTTGGTCTTGGGGTTCGCGGTTTCGCGGCCCTTAAATTCAGTGGCGGTGCCGTCTGGCTCTAAGCGTAGTAATTCTCTCGCTATAGGGTCCAGGTGACCACCTGCCAGAACCCCCCATTCTTTAC,k__Fungi_p__Ascomycota_c__Leotiomycetes_o__Helotiales_f__Hyaloscyphaceae_g__Hyaloscypha_s__finlandica,TRUE,ITS
TAATCACTCAAGCCTCGGCTTGGTCTTGGGGTTCGCGGTTTCGCGGCCCTTAAAATCAGTGGCGGTGCCGTCTGGCTCTAAGCGTAGTAATTCTCTCGCTATAGGGTCCAGGTGACCACCTGCCATAACCCCCCATTCTTTAT,k__Fungi_p__Ascomycota_c__Leotiomycetes_o__Helotiales_f__Hyaloscyphaceae_g__Hyaloscypha_s__finlandica,TRUE,ITS
TAATCTCACTTCAAATACTTTTGTGTTTGAATGTGGACTTGGATGTTGCCGTGTTATTACGGCTCGTCTCAAATGCTTGAGTGTACCTTGCTTTTGCAATGTATCCGGTGTAATAAACATTTCACCAGAGCCAAGTCGCAAGACTGCATTACAGAGTAAGCTCTATGCTTCAAACCGTCTTTGGACAATCTCTGACAA,k__Fungi_p__Basidiomycota_c__Agaricomycetes_o__Sebacinales_f__Sebacinaceae_g__Sebacinaceae_gen_Incertae_sedis,FALSE,ITS
CAACCATTCAAGCCTCGGCTTGGTCTTGGGGTTCGCGGTTTCGCGGCCTTTAAATTCAGTGGCGGTGCCGTCTGGCTCTAAGCGTAGTAATTCTCTCGCTATAGGGTCCAGGTGACCACCTGCCAGAACCCCCCATTCTTTAC,k__Fungi_p__Ascomycota_c__Leotiomycetes_o__Helotiales_f__Hyaloscyphaceae_g__Hyaloscypha_s__finlandica,TRUE,ITS
CACCACTCAAGCCTCGCTTGGTATTGGGCAACGCGGTCCGCCGCGTGCCTCAAATCGACCGGCTGGGTCTTCTGTCCCCTAAGCGTTGTGGAAACTATTCGCTAAAGGGTGTTCGGGAGGCTACGCCGTAAAACAACCCCATTTCTAA,k__Fungi_p__Ascomycota_c__Dothideomycetes_o__Capnodiales_f__Cladosporiaceae_g__Cladosporium,TRUE,ITS
TAACCACTCAAGCTCTCGCTTGGTATTGGGGTTCGCGGTTTCGCGGCCCCTAAAATCAGTGGCGGTGCCTGTCGGCTCTACGCGTAGTAATACTCCTCGCGATTGAGTCCGGTAGGTCTACTTGCCAGCAACCCCTAATTTTTTTAA,k__Fungi_p__Ascomycota_c__Leotiomycetes_o__Helotiales,TRUE,ITS
TAATCTCACTTCAACATCTTTTTGTTTGAATGTGGACCTGGATGTTGCCGTGTAACTATGGCTCATCTCAAATGCCTGAGTGTACCCTGCTTTGCAGCGTATTCGGTGTGATAATTCTTCACCGGTAGTGTCTCTTGTTAGACAGCGCTTGCTTGTGGGCTCTATGCTTCAAACCGTCTCTTGGGACAATCTCTGACAA,k__Fungi_p__Basidiomycota_c__Agaricomycetes_o__Sebacinales_f__Sebacinales_fam_Incertae_sedis_g__Sebacinales_gen_Incertae_sedis,FALSE,ITS
TAATCTCACTTCAACAACTTTTGTTGTGGAATGTGGACTTGGATGTTGTCGTGTTCAACGACTCGTCTCAAATGCCTGAGTGTACCCTGCTTTGCAGCGTATCAGTGTGATAAACATCTTCACTGTTAAGTCTTCGGACACGCTTTGTATCGTGGGCTCTATGCTTCGAACTGTCTTCGGACAATCTCTGACAA,k__Fungi_p__Basidiomycota_c__Agaricomycetes_o__Sebacinales_f__Serendipitaceae_g__Serendipita,FALSE,ITS
TAATCTCACCTCTTCGGCTTTATTGTCGATCAGTGTGGACTTGGATGTTGCCGTGTAACAAACGGCTCGTCTGAAATGCATGAGTGTACCCTGCTTTGCGGCGTATTCGGTGTGATAAATCTTCACCGGAGTCTGACTTTCGTGTCGCGCTTGTATTGTTGGCTCTATGCTTTCCAACCGTCCTAACAAGACAATCTTTGACAA,k__Fungi_p__Basidiomycota_c__Agaricomycetes_o__Sebacinales_f__Serendipitaceae_g__Serendipita,FALSE,ITS
TAATCTCACACCCAAGACTTCTTGTCGAGGGAGGTGGACTTGGACGCTGCCGCTTCACCGCGGCTCGTCTCAAATGTGTTAGCGCGGCTCTAGATGAAGCGTTGATGCCCAGTGTAATAAGATTTCGCTGTGGTTAGCATTAGTCAGAGTTGTTGTGCTTACAACCGTCTTCGGACCGATCCTCGCGATCGTTTGACA,k__Fungi_p__Basidiomycota_c__Agaricomycetes_o__Sebacinales_f__Sebacinaceae_g__Chaetospermum,TRUE,ITS
AATTCTCAACCTCACCAGTTTTGTCATGAGACTGTGTAAGGCTTGGATGTGGGGGTTTGTGCAGGCTGCCTCAGTGCGGTCTGCTCCCCTGAAATGCATTAGCGAGTTCAAACTGAGCTCCGTCTATTGGTGTGATAATTATCTACGCCGTGGATGGTTCTTAGACTTGCTTCTAACCGTCTGCAAGGACAACTTTTGACA,k__Fungi_p__Basidiomycota_c__Agaricomycetes_o__Agaricales_f__Psathyrellaceae_g__Coprinellus,FALSE,ITS
TAATCTCACTTCAACAACTTTTTTGTTGTTGAACGTGGACTTGGATGTTGTCGTGTTAACGACTCATCTTAAATGCCTGAGTGTACCCTGCTTTGCAGCGTATCAGTGTGATAAACATCTTCACTGTTAAGTCCTTTTGGACACGCTTGTGTTGCGGGCTCTATGCTTCCAACCGTCTTTGGACAATCTCTGACAA,k__Fungi_p__Basidiomycota_c__Agaricomycetes_o__Sebacinales_f__Serendipitaceae_g__Serendipita,TRUE,ITS
TAACCACTCAAGCCTCGGCTTGGTCTTGGGGTTCGCGGTCTCGCGGCCCTTAAAATCAGTGGCGGTGCCGTCTGGCTCTAAGCGCAGTAATTCTCTCGCTATAGGGTCCAGGTGGCCACCTGCCAGAACCCCTCATTCTTTAC,k__Fungi_p__Ascomycota_c__Leotiomycetes_o__Helotiales_f__Hyaloscyphaceae_g__Hyaloscypha,FALSE,ITS
AACCACTCACGCCTAGCGTGGTATTGGGGCACGCGGTCTCGCGGCCCTCAAAATTAGTGGCGGCGCCGGTGGGCTCTAAGCGTAGTACATACTCCCGCTATAGAGTTCCCCCGGTGGCTCGCCAGAACCTCCAATTTTTTACA,k__Fungi_p__Ascomycota_c__Leotiomycetes_o__Helotiales_f__Mollisiaceae_g__Phialocephala,TRUE,ITS
AACCACTCACGCCTAGCGTGGTATTGGGGCACGCGGTCTCCGCGGCCCTCAAAATTAGTGGCGGCGCCGGTGGGCTCTAAGCGTAGTACATACTCCCGCTATAGAGCTCCCCCGGTGGCTCGCCAGAACCCCCAATTTTTACA,k__Fungi_p__Ascomycota_c__Leotiomycetes_o__Helotiales_f__Mollisiaceae_g__Phialocephala_s__helvetica,TRUE,ITS
CAACCCTCAAGCCTGGCTTGGTGTTGGGGCCCCACGGCCGCCGTGGGCCCCGAAAGGAAGTGGCGGGCTCGCCGCAGCTCCGAGCGTAGTAGAATCCTATCTCGCTAGGGAGGCGCGGCGCGACCCGGCCGTAAACACCCCGCAAGGGACTTACACAA,k__Fungi_p__Ascomycota_c__Sordariomycetes_o__Coniochaetales_f__Coniochaetaceae_g__Coniochaetaceae_gen_Incertae_sedis,FALSE,ITS
CTACCCTAGAGCCCTGCTCTGTGATGGGCCCCGTCCTTGCGGACAGGCCCGAAACCCGTGGGCGCCGTCGTCCGGTCCTGAGCGTAGCAAGAGAAATCCCTCGCTCGGAGCACCGTCCGGTGGCCGCCCCGATCCATTTTTACAA,k__Fungi_p__Ascomycota_c__Dothideomycetes_o__Venturiales_f__Venturiaceae_g__Venturia,TRUE,ITS
TAACCACTCAAGCCTCGGCTTGGTCTTGGGGTTCGCGGTTCCGCGGCTCTTAAAATCAGTGGCGGTGCCGTCTGGCTCTAAGCGTAGTAATTCTCTCGCTATAGGGTCCCGGCGGTTACCTGTCAAAACCCCCCCATTTTTTAC,k__Fungi_p__Ascomycota_c__Leotiomycetes_o__Helotiales_f__Hyaloscyphaceae_g__Hyaloscypha,TRUE,ITS
CAACCCTCAAGCTCTGCTTGGTGTTGGGCCCCGCCCGCTCACGGCCGGCCCTAAAGACAGTGGCGGCAGCGTCTGGCTCCAAGCGTAGTACAGCTCTCGCTCTGGAGCTAGGCGGTAGCCTGCCAGAACCCCCCTTCTAT,k__Fungi_p__Ascomycota_c__Leotiomycetes_o__Helotiales_f__Myxotrichaceae_g__Oidiodendron_s__chlamydosporicum,TRUE,ITS
CAACCCTCAAGCCCCGCTTGGTGATGGGCCCCGCCCGCGGGCGGGCCCGAAACTCGTGGGCGTCGTCGTTCGGCTCCAAGCGTAGCAAAACCCTCGCTTGGGCGCCCGGACGGCGGCCGCCCGGAACGAATTTTTTACAA,k__Fungi_p__Ascomycota_c__Dothideomycetes_o__Venturiales_f__Venturiaceae_g__Sympodiella,TRUE,ITS
AATACCACTCAAGCTCTTCTGCTTGGTCATGGAAGAAGAGAATGCTTGCATCCTCTCTTCTGAAATTGAACGGCGGACTGCCTCATGTGCCTCGCGTAGTAAGTTCATCTTTTCGCTTGGAGTGTGAGATAGTCTCGCCATCAACCCCCATACTTCTAA,k__Fungi_p__Ascomycota_c__Pezizomycetes_o__Pezizales_f__Pyronemataceae_g__Wilcoxina_s__rehmii,FALSE,ITS
TAACCACTCAAGCCTCGGCTTGGTCTTGGGGTTCGCGGTCTCGCGGCCCTTAAAATCAGTGGCGGTGCCGTCTGGCTCTAAGCGTAGTAATTTTCTCGCTATAGGGTCCAGGCGGCCACCTGCCATAACCCCCCATTCTTTAC,k__Fungi_p__Ascomycota_c__Leotiomycetes_o__Helotiales_f__Hyaloscyphaceae_g__Hyaloscypha_s__finlandica,TRUE,ITS
CTGCCCATCAAGCCCGGCTTGTGTGTTGGGTCGACGTCCCCTCCCTCGCGGGGGGGACGGACCCGAAAGGCAGTGGCGGTGCCGCGCCGGTGCTTCGAGCGTATGGGGCTTTGTCACCCGCTCCGGAGGCCTGGCCGGCGCCCGTCGTCCCCACACTATTTTTCTC,k__Fungi_p__Ascomycota_c__Eurotiomycetes_o__Eurotiales_f__Penicillaginaceae_g__Penicillago_s__nodositata,FALSE,ITS
CAACCCTCGAACCCCTCCGGGGGGTCGGCGTTGGGGATCGGCCCTCCCTTAGCGGGTGGCCGTCTCCGAAATACAGTGGCGGTCTCGCCGCAGCCTCTCCTGCGCAGTAGTTTGCACACTCGCATCGGGAGCGCGGCGCGTCCACAGCCGTTAAACACCCAACTTCTGAAA,k__Fungi_p__Ascomycota_c__Sordariomycetes_o__Hypocreales_f__Hypocreaceae_g__Trichoderma_s__lixii,TRUE,ITS
CTACCCTGGAGCCCTGCTCTGTGATGGGCCCAGTCCTCGCGGACGGGCCTGAAACCTGTGGGCGCCGTCGTCCGGTCCCGAGCGTAGCAAGAGAAATCCCTCGCTCGGAGCATCAGGCGGTGGCCGCCCCGACCCATTTTTACAA,k__Fungi_p__Ascomycota_c__Dothideomycetes_o__Venturiales_f__Venturiaceae_g__Tyrannosorus_s__pinicola,FALSE,ITS
AACCACTCACGCCTAGCGTGGTATTGGGGCACGCGGTCTCGCGGCCCTCAAAATTAGTGGCGGCGCCGGTGGGCTCTAAGCGTAGTACATACTCCCGCTATAGAGTTCCCCCGGTGGCTCGCCAGAACCCCCAATTTTTTACA,k__Fungi_p__Ascomycota_c__Leotiomycetes_o__Helotiales_f__Mollisiaceae_g__Phialocephala_s__helvetica,FALSE,ITS
TAACCACTCAAGCCTCGGCTTGGTCTTGGGGTTCGCGGTCTCGCGGCCCTTAAAATCAGTGGCGGTGCCGTCTGGCTCTAAGCGTAGTAATTCTCTCGCTATAGGGTCCAGGTGACCACCTGCCATAACCCCCCATTCTTTAC,k__Fungi_p__Ascomycota_c__Leotiomycetes_o__Helotiales_f__Hyaloscyphaceae_g__Hyaloscypha_s__finlandica,FALSE,ITS
TAATCTCACTTCAACAACTTTATTGTTGTTTGAATGTGGACTTGGATGTTGCCGTGTCATTACGGCTCGTCTTAAATGCTTGAGTGTACCCTGTTTTGCAGTGTATCCAGTGTAATAAACATTTCACTAGAGTTGGTCGAAAGACCGCATTTGCCATTCGGGCTCTATGCTTCGAACCGTCTACTTTGTGGACAACTTCTTGACAA,k__Fungi_p__Basidiomycota_c__Agaricomycetes_o__Sebacinales_f__Sebacinales_fam_Incertae_sedis_g__Sebacinales_gen_Incertae_sedis,TRUE,ITS
GTTAATAAAAATCGGGTGCGTTGCAATTTTTGTGACGTTTCCGGAGTTTGAGTTATCTTAACTTCGGTTTTAAGAGGCTTAAAATTGACCTTTTTTTGTGCATTTTAGACGTACATAAATTTTTTTTATTCGTCCATCCTAATGCCAAAATCTATTAGATGCGACCATATCTTGTGGTTCCGTGTCTATAAATTTTTCATG,k__Fungi_p__Glomeromycota_c__Glomeromycetes_o__Glomerales_f__Glomeraceae_g__Rhizophagus_s__irregularis,TRUE,ITS
TAATCTCACTACACCAACTTTTGTTGATGTACGTGGACTTGGATGTTGCCGTGTTACAACGGCTCGTCTGAAATGCCTGAGTGTACCCTGCTTTGCAGCGTATTCGGTGTGATAAATCTTCGCCGAAGTTGACTTTCGGGTCGCGTTTGCTTAACATGGCTCTATGCTTCCAACCGTCTTCACCGACAAAATCTTTGACAA,k__Fungi_p__Basidiomycota_c__Agaricomycetes_o__Sebacinales_f__Serendipitaceae_g__Serendipita,TRUE,ITS
TGCATCAAAAGTCACACACAGTGTTGTGGTCATGGCATACGTGGGGCCCGCCTTGTGCAACCCCCACTGAGCTGAAAGTCATAGGCGGATGTCACCTGAGGTCAGCACGTAGTATGTAAAGCAAGTCGTACTGATCGCAGAGTGTGCCTCTTGCCCAGGCCGCCTGGCCGCTTGAAATCTCAATGCA,k__Fungi_p__Ascomycota_c__Pezizomycetes_o__Pezizales_f__Helvellaceae_g__Balsamia_s__latispora,TRUE,ITS
CAACCCTCAAGCCCTGCTTGGTGTTGGGGCCCTACGGCTGCCGTAGGCCCTGAAAGGAAGTGGCGGGCTCGCTACAACTCCGAGCGTAGTAATTCATTATCTCGCTAGGGAGGTGCGGCGTGCTCCTGCCGTTAAAGACCCCATCTTTAACCAA,k__Fungi_p__Ascomycota_c__Sordariomycetes_o__Coniochaetales_f__Coniochaetaceae_g__Coniochaeta,FALSE,ITS
AACCACTCACGCCTAGCGTGGTATTGGGGCACGCGGTCTCCGCGGCCCTCAAAATGAGTGGCGGCGCCGGTGGGCTCTAAGCGTAGTACATACTCCCGCTATAGAGTTCCCCCGGTGGCTCGCCAGAACCCCCAATTTTTCACA,k__Fungi_p__Ascomycota_c__Leotiomycetes_o__Helotiales_f__Mollisiaceae_g__Phialocephala_s__fortinii,FALSE,ITS
AACCACTCACGCCTAGCGTGGTATTGGGGCACGCGGTCTCGCGGCCCTCAAAATTAGTGGCGGCGCCGGTGGGCTCTAAGCGTAGTACATACTCCCGCTATAGAGTTTCTCCGGTGGCTCGCCAGAACCCCCAATTTTTTTTTTTTTATACA,k__Fungi_p__Ascomycota_c__Leotiomycetes_o__Helotiales_f__Mollisiaceae_g__Phialocephala,FALSE,ITS
TAATCTCACTACACCAACTTTTGTTGATGTACGTGGACTTGGATGTTGCCGTGTTACAACGGCTCGTCTGAAATGCCTGAGTGTACCCTGCTTTGCAGCGTATTCGGTGTGATAAATCTTCGCCGAAGTTGACTTTCGGGTCGCGTTTGCTTAACATGGCTCTATGCTTCCAACTGTCTTCACCGACAAAATCTTTGACAA,k__Fungi_p__Basidiomycota_c__Agaricomycetes_o__Sebacinales_f__Serendipitaceae_g__Serendipita,FALSE,ITS
TATTCTCAACCATTGAACTTGTTTCTCTGGCTTGGATGTGGGGGTTGCGGGCTTCGCAAGAGGTCGGCTCTCCTTAAATGCATTAGTGGAAACCGCTTGCAGGATTCATTCACTTTTTGGCGTGATAGTATCGTCGTCAAAGGTAGTGTCTCCGAGGTATCTGCTTTCTAACCGTCCTTTACGGGGACTCTTAATGACTT,k__Fungi_p__Basidiomycota_c__Agaricomycetes_o__Agaricales_f__Tricholomataceae_g__Mycenella,FALSE,ITS
CTGCCCATCAAGCCCGGCTTGTGTGTTGGGTCCACGTCCCCCCGGGGACGGGCCCGAAAGGCAGTGGCGGTGCCGCGCCGGTGCTTCGAGCGTATGGGGCTTTGTCACCCGCTCTGGAGGCCCGGCCGGCGCCCGTCGTCCCCCAACCTTCTCTC,k__Fungi_p__Ascomycota_c__Eurotiomycetes_o__Eurotiales_f__Penicillaginaceae_g__Penicillago_s__nodositata,FALSE,ITS
TAACCACTCAAGCCTCGGCTTGGTCTTGGGGTTCGCGGTTTCGCGTCCCTTAAAATCAGTGGCGGTGCCGTCTGGCTCTAAGCGTAGTAATTCTCTCGCTATAGGGTCCAGGTGACCACCTGCCAGAACCCCCCATTCTTTAC,k__Fungi_p__Ascomycota_c__Leotiomycetes_o__Helotiales_f__Hyaloscyphaceae_g__Hyaloscypha_s__finlandica,TRUE,ITS
GTACCCTCCAGCCCTGCTGGGTGTTGGGCGTTTGTTCCGCTGCGCGCGTGAACTCGCCTCAAATGCATTGGCAGCCCGCCGTCCCGTGTGGGAGCGCAGCACATTTTGCGCTCTTCACTGCTGACGGTGGCATCCACAAGTCTACCATTTTAC,k__Fungi_p__Ascomycota_c__Dothideomycetes_o__Pleosporales,TRUE,ITS
CAACCCTCAAGCTCTGCTTGGTGTTGGGCGTCTTGTCCCGCGATTGCGCGTGGACTCGCCTTAAAATCATCGGCGTTTGCATGTCGGCCTGGAGCGTAGCAAAATTCGCAAAAGGGTCTCGACGTGTGGGCTGCCACAACCCCTCTATTTTTTA,k__Fungi_p__Ascomycota_c__Dothideomycetes_o__Pleosporales,FALSE,ITS
TAACCACTCAAGCCTCGGCTTGGTCTTGGGGTTCGCGGTCTCGCGTCCCTTAAAATCAGTGGCGGTGCCGTCTGGCTCTAAGCGTAGTAATTCTCTCGCTATAGGGTCCCGGCGGTTACCTGCCAGAACCCCCCATTTTTTAC,k__Fungi_p__Ascomycota_c__Leotiomycetes_o__Helotiales_f__Hyaloscyphaceae_g__Hyaloscypha,FALSE,ITS
TAACCATTCAAGCCTCGGCTTGGTCTTGGGGTTCGCGGTCTCGCGGCCCTTAAAATCAGTGGCGGTGCCGTCTGGCTCTAAGCGTAGTAATTCTCTCGCTATAGGGTCCAGGTGACCACCTGCCATAACCCCCCATTCTTTAC,k__Fungi_p__Ascomycota_c__Leotiomycetes_o__Helotiales_f__Hyaloscyphaceae_g__Hyaloscypha_s__finlandica,FALSE,ITS
TAACCACTCAAGCCTCGGCTTGGTCTTGGGGTTCGCGGTTCCGCGGCCCTTAAAATCAGTGGCGGTGCCGTCTGGCTCTAAGCGTAGTAATTCTCTCGCTATAGGGTCCCGGCGGCTACCTGTCAAAACCCCCCCATTTTTTAC,k__Fungi_p__Ascomycota_c__Leotiomycetes_o__Helotiales_f__Hyaloscyphaceae_g__Hyaloscypha,FALSE,ITS
CTACCATTCAAGCTTTGCTTGGTTTTGAATATATTGTAGTACTTTAAGTAGTTATACATATTCTAAATATAGACGGCAGCAAGTATAAGTTCTAAGCGTAGCAGTAAAACATTTCGCTTTTGCACTTATATTTTGTTAAACCGAAATAAAGTATATTTACA,k__Fungi_p__Ascomycota_c__Dothideomycetes_o__Mytilinidiales_f__Mytilinidiaceae_g__Mytilinidion,FALSE,ITS
AACCACTCACGCCTAGCGTGGTATTGGGGCACGCGGTCTCCGCGGCCCTCAAAATTAGTGGCGGTGCCGGTGGGCTCTAAGCGTAGTACATACTCCCGCTATAGAGTTCCCCCCCGGTGGCTCGCCAGAACCCCCAATTTTTACA,k__Fungi_p__Ascomycota_c__Leotiomycetes_o__Helotiales_f__Mollisiaceae_g__Phialocephala_s__helvetica,FALSE,ITS
CAACCCTCAAGCATTGCTTGGTATTGGATGCCACCGCTGTGGTGCATCTCAAAAGTATTGGCGGTGGCATTCAGCTTCTAGCGTAGTAAATCTTCTCGCCTTGGAGTTTGAGTGTCTGACTGCCAGAACCCCTAAATTTATTAAA,k__Fungi_p__Ascomycota_c__Leotiomycetes_o__Helotiales,FALSE,ITS
CAACCATCAAGCCCCAGGCTTGTGTTGGGGCCCTGCGGCCGTCCGCAGCCCCTGAAAAGCAGTGGCGGGCTCGCTGTCACACCGAGCGCAGTAGTATATCTTCGCTGGGACGTGATTGCGGGTTCCGGCCGTGAAACACCCCATTTATCAA,k__Fungi_p__Ascomycota_c__Sordariomycetes_o__Sordariales_f__Podosporaceae_g__Podospora,FALSE,ITS
CAACCCTCGAGCCCCTCCGGGGGGTCGGCGTTGGGGATCGGCCCCTCACCGGGCCGCCCCCGAAATCCAGTGGCGGTCTCGCCGCAGCCTCTCCTGCGCAGTAGTTTGCACACTCGCACCGGGAGCGCGGCGCGGCCACAGCCGTAAAACACCCAAAACATTCTGAAA,k__Fungi_p__Ascomycota_c__Sordariomycetes_o__Hypocreales_f__Hypocreaceae_g__Trichoderma_s__novae-zelandiae,FALSE,ITS
CAACACTCAAGCTCTGCTTGGTATTGGACCGCATCAGTTCTGATCGGTCTTAAAATCAGTGGCGGTGCCATCGTGCTCTAAGCGTAGTAATACTCCTCGCTACAGGGTCTCGGTGCGTGCTTGCCAGCAACCCCCAACTTTCTAA,k__Fungi_p__Ascomycota_c__Leotiomycetes_o__Helotiales_f__Helotiaceae_g__Infundichalara,FALSE,ITS
TAACCCTCAAGCTCAGCTTGGCGTTGGGGCCTGCCGTCACCGGCAGCCCTTAAAATCAGTGGCGGTGCCATCTGGCTCTAAGCGTAGTAATTCTTCTCGCTACAGGGCCCCGGTGGATGCTGGCCAACAACGCCTAATTTTCTAT,k__Fungi_p__Ascomycota_c__Leotiomycetes_o__Helotiales_f__Helotiales_fam_Incertae_sedis,FALSE,ITS
TAACTACTCAAGCCTCGGCTTGGTCTTGGGGTTCGCGGTTTCGCGGCCCTTAAAATCAGTGGCGGTGCCGTCTGGCTCTAAGCGTAGTAATTCTCTCGCTATAGGGTTCAGGTGACCACCTGCTATAACCCCCCATTCTTTAC,k__Fungi_p__Ascomycota_c__Leotiomycetes_o__Helotiales_f__Hyaloscyphaceae_g__Hyaloscypha_s__finlandica,FALSE,ITS
TAATCTCACTTCAACAACTTTATTGTTGTTTGAATGTGGACTTGGATGTTGCCGTGTCATTACGGCTCGTCTTAAATGCTTGAGTGTACCCTGTTTTGCAGTGTATCCAGTGTAATAAACATTTCACTAGAGTTGGTCGAAAGACCGCATTTGCTATTCGGGCTCTATGCTTCGAACCGTCTACTTTGTGGACAATTTCTTGACAA,k__Fungi_p__Basidiomycota_c__Agaricomycetes_o__Sebacinales_f__Serendipitaceae_g__Serendipita_s__herbamans,TRUE,ITS
TAAAATCTCAAGCCTAGCTTGGTATTGGGCTATTCGTCCCTAGGGACGGGCCTAAAAGTTAGTGGCGGTGCCATCGAGCCTCAAGCGTAGCAGAAATTCCTCGCTTTGGAGAATCGGTTTTGGTCACTAGCCTTAAACCCCAACTTAAAAGA,k__Fungi_p__Ascomycota_c__Geoglossomycetes_o__Geoglossales_f__Geoglossaceae_g__Sarcoleotia,FALSE,ITS
AATTCTCAACCTTGCCAGCTTTTACGAGTCGGCGTAGGCTTGGATGTGGGGGTTGCCGGCTTCTTCAGAGGTCGGCTCTCCTTAAATGCATTAGCGGAACCTTTGTGGACCGTCTCTGGTGTGATAATTATCTACGCCATTGCCGTGAAGCAGCTTTACATGGGGTTCAGCTCATAACCGTCCATTAACTTGGACAACTCTTGACA,k__Fungi_p__Basidiomycota_c__Agaricomycetes_o__Agaricales_f__Tricholomataceae_g__Fayodia_s__gracilipes,FALSE,ITS
AACCACTCACGCCTAGCGTGGTATTGGGGCACGCGGTCTCCGCGGCCCTCAAAATGAGTGGCGGCGCCGGTGGGCTCTAAGCGTAGTACATACTCCCGCTATAGAGTTCCCCCGGTGGCTCGCCAGAACCCCCAATTTTTACA,k__Fungi_p__Ascomycota_c__Leotiomycetes_o__Helotiales_f__Mollisiaceae_g__Phialocephala_s__fortinii,FALSE,ITS
CAACCCTCAAGCCCCGCTTGGTGATGGGCCCCGCCCGCGGGCGGGCCCGAAACTCGTGGGCGTCGTCGTTCGGCTCCAAGCGTAGCAAAACCCTCGCTTGGGCGCCCGGACGGCGGCCGCCCGGAACGAATCATTCACAA,k__Fungi_p__Ascomycota_c__Dothideomycetes_o__Venturiales_f__Venturiaceae_g__Sympodiella,FALSE,ITS
CAACCCTCAAGCCCCGCTTGGTGATGGGCCCCGCCCGCGGGCGGGCCCGAAACTCGTGGGCGTCGTCGTTCGGCTCCAAGCGTAGCAAAACCCTCGCTTGGGCGCCCGGACGGCGGCCGCCCGGAACGAATCATATACAA,k__Fungi_p__Ascomycota_c__Dothideomycetes_o__Venturiales_f__Venturiaceae_g__Sympodiella,TRUE,ITS
AACCACTCACGCCTAGCGTGGTATTGGGGCACGCGGTCTCCGCGGCCCTCAAAATTAGTGGCGGTGCCGGTGGGCTCTAAGCGTAGTACATACTCCCGCTACAGAGTTCCCCCCGGTGGCTCGCCAGAACCCCCAATTTTTACA,k__Fungi_p__Ascomycota_c__Leotiomycetes_o__Helotiales_f__Mollisiaceae_g__Phialocephala_s__helvetica,FALSE,ITS
CAACCCTCAAGCACTGCTTGGTGTTGGGTCCCTATGGTGAACTGTAGGCCCTGAAATCTAGTGGCGGGCTGGCTAAGGCTCTGAGCGCAGTAGTTTATTCATCGCTTAGGAGGCGTAGCAAGTTCCGGCCGTTAAAAACCCCGTAATAAAA,k__Fungi_p__Ascomycota_c__Sordariomycetes,FALSE,ITS
AACCACTCACGCCTAGCGTGGTATTGGGGCACGCGATCTCCGCGGCCCTCAAAATGAGTGGCGGCGCCGGTGGGCTCTAAGCGTAGTACATACTCCCGCTATAGAGTTCCCCCGGTGGCTCGCCAGAACCCCCAATTTTTACA,k__Fungi_p__Ascomycota_c__Leotiomycetes_o__Helotiales_f__Mollisiaceae_g__Phialocephala_s__fortinii,FALSE,ITS
AACCACTCACGCCTAGCGTGGTATTGGGGCACGCGGTCTCCGCGGCCCTCAAAATTAGTGGCGGTGCCGGTGGGCTCTAAGCGTAGTACATACTCCCGCTATAGAGTTCCCCCCGGTGGCTCGCCAGAACCCCCAATTTTTACA,k__Fungi_p__Ascomycota_c__Leotiomycetes_o__Helotiales_f__Mollisiaceae_g__Phialocephala_s__helvetica,FALSE,ITS
CTGCCCTCAAGCACGGCTTGTGTGTTGGGCGCCGTCCCCCCCGGGGGACGGGCCTGAAAGGCAGCGGCGGCGTCGCGTCCGGTCCTCGAGCGTATGGGGCTCTGTCACTCGCTCTGGAGGCCGGGCCGGTGCCTGCCCACCCCAATCTTTCTCAA,k__Fungi_p__Ascomycota_c__Eurotiomycetes_o__Eurotiales,FALSE,ITS
CAACCCTCAAGCCCCCGGGCTTGGTGTTGGGGATCGGCGTGCCCTCGCGGCGCGCCGTCCCCTAAATCTAGTGGCGGTCTCGCTGTAGCTTCCTCTGCGTAGTAGCAACACTCGCTCTGGATCGCAGCGCGGCCACGCCGTTAAACCCCCCACTTCTGAAA,k__Fungi_p__Ascomycota_c__Sordariomycetes_o__Hypocreales_f__Nectriaceae_g__Nectria_s__ramulariae,FALSE,ITS
CTACCCTGGAGCACTGCTCTGTGATGGACGGAGGCCCCAACGGGCCCCTCCGAAACTATTGGGCGCCGTCGTCCGGTCCCGAGCGTAGCAAGAGAAATCCCTCGCTCGGAACTCCGGTCGGTGGCCGCCCCGAACCATTTTTACAA,k__Fungi_p__Ascomycota_c__Dothideomycetes_o__Venturiales_f__Venturiaceae_g__Venturia,FALSE,ITS
GCACTCTCACATCTAACCTTTGGGTTAAAATGTGGAATTGGGATGCGCCGGTTATTATAACGGCCCTCCTAAAATTCAGTTCTTGGCTGCTTCCTACTACAGCAGTTTGGCCTAATAGTTTTGAGTCTTCGATTCAAATCTTTGGCTAACATTTGCTTCAGGATGTCAGTCTTGATATACAGAAATCTCATTCAAA,k__Fungi_p__Mucoromycota_c__Umbelopsidomycetes_o__Umbelopsidales_f__Umbelopsidaceae_g__Umbelopsis_s__isabellina,FALSE,ITS
GTACCCTCAAGCTTTGCTTGGTGTTGGGTGTTTGTCTTTTCCACGCGATTAGACTCGCCTTAAAATAATTGGCAGCCAGTGTTTTGGTTTTGAAGCGCAGCACAAGTCGCGGTTCAGCTTATATCACTAGCTTCCATTAAGCATTTTTTCAC,k__Fungi_p__Ascomycota_c__Dothideomycetes_o__Pleosporales_f__Phaeosphaeriaceae_g__Paraphoma_s__fimeti,FALSE,ITS
ACAAACAATCAAGCCTTGCTTGGTGTTGGGGATCGGCCTCTTCCTTCGGGGAGAGGCCTTCCCGAAACTCATGGGCGCCGCCTTCCGGCTCCGAGCGTAGCAAGCGAAAGCCCTCGCTTCGGATCGTTTGGTCGGTGGTCGCCGGTAAACCTTTGGGGGGGAAACCTCCTAAAACTTATCACAG,k__Fungi_p__Ascomycota_c__Dothideomycetes_o__Phaeotrichales_f__Phaeotrichaceae_g__Phaeotrichum_s__benjaminii,FALSE,ITS
TTAATAAAAATCGGTGCGTTGCAAATTTTTGTGACGTTTCCGGAGTTTGAGTTATCTTAACTTCGGTTTTTAAGAGGCTTAAAATTGACCTTTTTTTGTGCATTTTAGACGTACATAAATTTATTTTATTCGTCCATCCTAATGCCAAAATCTATTAGATGCGACCATATCTTGTGGTCCCGTGTCTATAAATTTTTCATG,k__Fungi_p__Glomeromycota_c__Glomeromycetes_o__Glomerales_f__Glomeraceae_g__Rhizophagus_s__irregularis,FALSE,ITS
TCACCATCGAGCCCTGCTCGGCGATGAGCATCGTCCTCGCGGACGGGCTCGAAACCCGTGGGCGCCATCGTCCGGCCCTGAGCGTAGCAAGAGAAATCCCTCGCTCGGTGGACCGTCCGGTGGCCGCCCTGACAACTTTTTACAA,k__Fungi_p__Ascomycota_c__Dothideomycetes_o__Venturiales_f__Venturiaceae_g__Venturia,FALSE,ITS
AATCCTCAACCCCTCCCTTGCGGGTGTGGCTTGGACTTGGAGCGTGCTGGCGAAGGTCGGCTCCTCTTTAAATGCATCAGCGGAAAGCTTTTCTGGCCGTTCGGCGTGATAACACTGTTGCGCCGTGGAAGCCTCTGTAAAGGCCTCGCTTACAATCGTCTTCGGACAAACGACATCTCAGTCAAATCCA,k__Fungi_p__Basidiomycota_c__Agaricomycetes_o__Atheliales_f__Tylosporaceae_g__Amphinema_s__diadema,FALSE,ITS
CAACCTCAAGCTCTGCTTGGTATTGGGCGTCACTCTTTGTGGTGCGCCTCAAAATCAGTGGCGGTGCCACCTGGCTCCTAGCGTAGTAAAACTTTCTCGCTATAGAGTTCGGGTGTTTGCTTGCCAGCAACCCTTATTTTTTATA,k__Fungi_p__Ascomycota_c__Leotiomycetes_o__Helotiales,FALSE,ITS
TAACCACTCAAGCTCTCGCTTGGTATTGGGGTTCGCGGTTTCGCGGCCCCTAAAATCAGTGGCGGTGCCTGTCGGCTCTACGCGTAGTAATACTCCTCGCGATTGAGTCCGGTAGGTCTACTTGCCAGCAACCCCTAATTTTTTAA,k__Fungi_p__Ascomycota_c__Leotiomycetes_o__Helotiales,FALSE,ITS
AAATCTCAACCCCGCTGGGTTTATGACCTGGTTGTGGGATTGGATCGTGACTGTTGCTGGCCTTTACGGTCCGGCTCGGTCGAAATGCATGAGCGGCTGATTCCCTGTCCGGCCTGACTCGGCGTGATAATGAAATATCGCCGATTACGGACTGGGTCAAAGGCCACTTCCAACGACCTTTCTAA,k__Fungi_p__Basidiomycota_c__Tritirachiomycetes_o__Tritirachiales_f__Tritirachiaceae_g__Tritirachiaceae_gen_Incertae_sedis,FALSE,ITS
CAACCGTCAAGCACTGCTTGGTGTTGGGTCCCTATAGTGAACTGTAGGCCCTAAAATCTAGTGGCGGGCTGGCTAAGGCTCTGAGCGCAGTAGTTTATTCGTCGCTTAGGAGGCGTAGCAAGTTCCGGCCGTTAAAACCGCCATAAAAAAA,k__Fungi_p__Ascomycota,FALSE,ITS
CAACCCTCAAGCTCTGCTTGGTGTTGGGGCCCTACGGCTGCCGTAGGCCCTGAAAGGAAGTGGCGGGCTCGCTACAACTCCGAGCGTAGTAATTCATTATCTCGCTAGGGAGGTGCGGCGTGCTCCTGCCGTTAAAGACCCCATCTTTAACCAA,k__Fungi_p__Ascomycota_c__Sordariomycetes_o__Coniochaetales_f__Coniochaetaceae_g__Coniochaeta,FALSE,ITS
CTACCCTAGAGCCCTGCTCTGTGATGGGCCCCGTCCTCGCGGACGGGCCCGAAACCCGTGGGCGCCGTCGTCCGGCCCTGAGCGTAGCAAGAGAAATCCCTCGCTCGGAGTGTCTGACGGTGGCCGCCCCGACCTATTTTTTACAA,k__Fungi_p__Ascomycota_c__Dothideomycetes_o__Venturiales_f__Venturiaceae_g__Venturia,FALSE,ITS
CAACCCTCAAGCCCTGCTTGGTGTTGGGGCACTACGCGCGAGCGTAGGCCCTCAAAATCAGTGGCGGACCCGCTGGAGGTCCGGGCGTAGTAATACATCTCGCCCGAGGTCCCCAGCGTGCCCCTGCCGTTAAACCCCCAAATTTACAGAA,k__Fungi_p__Ascomycota_c__Sordariomycetes_o__Sordariales_f__Cephalothecaceae_g__Phialemonium_s__inflatum,TRUE,ITS
CCCCAAATCTCAAGCACTGCTTGGTGATGGGCGCTTGTCCCGCCTTCTGTGCGCGGACTCGCCTTAAAATCATTGGTGGCCGGCTTCAATTTTCCGCACGCAGCACACCGCGCGGGGGAAAGAGAGAGCGCCTGGCGTCCCCAAAGGAACCCCCAA,k__Fungi_p__Ascomycota_c__Dothideomycetes_o__Pleosporales,FALSE,ITS
CACCTCTCAAGCGCAGCTTGGTGTTGGGTTGTTGTCCTCCGCGTATCGCGGCGGGACTCGCCTGAAAAGCATCGGCGTCCGGCGGTTGGTCTTGCGCGTAGCAGATTGTTCGCACAAGGACCAGGCCGCGGGGCTGCCGCATACGTCTTTGATTCTTA,k__Fungi_p__Ascomycota_c__Dothideomycetes_o__Pleosporales_f__Delitschiaceae_g__Delitschiaceae_gen_Incertae_sedis,FALSE,ITS
TAACCACTCAAGCCTCGGCTTGGTCTTGGGGTTCCGCGGTCTCTCGCGGCCCTTAAAATCAGTGGCGGTGCCATCTGGCTCTAAGCGTAGTAATTTTCTCGCTATAGGGTCCCGGTGGTCTCCTGCCAGAACCCCCCATTTTTTTAC,k__Fungi_p__Ascomycota_c__Leotiomycetes_o__Helotiales_f__Hyaloscyphaceae_g__Hyaloscypha,TRUE,ITS
TAACCACTCAAGCCTCGGCTTGGTCTTGGGGTTCGCGGTTTCGCGGCCCCTAAAATCAGTGGCGGTGCCGTCTGGCTCTAAGCGTAGTAATTCTCTCGTTATAGGGTTCAGGTGACCACCTGCCATAACCCCCCATTCTTTAC,k__Fungi_p__Ascomycota_c__Leotiomycetes_o__Helotiales_f__Hyaloscyphaceae_g__Hyaloscypha_s__finlandica,FALSE,ITS
CTACCCTGGAGCCCTGCTCTGTGATGGGCCCCGTCCCCGCGGACGGGCCCGAAACCCGTGGGCGCCGTCGTCCGGTCCCGAGCGTAGCAAGAGAAATCCCTCGCTCGGAGCGCCAGGCGGTGGCCGCCCCGACCCATTTTTACAA,k__Fungi_p__Ascomycota_c__Dothideomycetes_o__Venturiales_f__Venturiaceae,FALSE,ITS
AATCATCAACCCCCGCATTTGTTTGTGGGTGGCTTGGAGTTGGGGGTTCATTGCCGGTCGCGTCAAGCGGTCGGCTCCCCTTGAATGCATTAGCTGGGCGCCACGGCACGGCGGTTCACGGTGTGATAATTATCTACACCCATGGGACCTCGAGTCGGTCGAGCTTCTAATCGTCCTCGGACAACCTTTTGAA,k__Fungi_p__Basidiomycota_c__Agaricomycetes_o__Hymenochaetales,FALSE,ITS
CACCCCTCAAGCTATGCTTGGTGTTGGGCGTTGTCCCGCCTCCGGCGCGGACTCGCCTTAAAATCATTGGCGGCCTGTGTATTTGGGCTACGAGCGCAGCAGATTCGCGCCTCGACCCGCGTCACTGGCATCCAGTAAGCGAAAACCATAG,k__Fungi_p__Ascomycota_c__Dothideomycetes_o__Pleosporales_f__Didymellaceae_g__Phoma,FALSE,ITS
TAACCACTCAAGCCTCGGCTTGGTCTTGGGGTTCGCGGTTTCGCGGCCCTTAAAATCAGTGGCGGTGCCGTCTGGCTCTAAGCGTAGTAATTCTCTCGCTATAGGGTTCAGGTGACCACCTGCCATAACCCCCCATTCTTTAC,k__Fungi_p__Ascomycota_c__Leotiomycetes_o__Helotiales_f__Hyaloscyphaceae_g__Hyaloscypha_s__finlandica,FALSE,ITS
CAACCCTCAAGCCCTAGTTGCTTGGTGTTGGGAGCTTATCCTGCCGCAAGGCGGGACAACTCCTTAAATTTATTGGCGGAGTCGCGGTAATCCCGAGCGTAGTAAATTATTTTTCCTCGCTCTAGGTGTTAACGCTGGCTTTCTAGCCGTTAAACCCCCTAATTCTTTAGT,k__Fungi_p__Ascomycota_c__Sordariomycetes_o__Xylariales_f__Diatrypaceae_g__Monosporascus,FALSE,ITS
AACCACTCACGCCTAGCGTGGTATTGGGGCACGCGGTCTCGCGGCCCTCAAAATTAGTGGCGGCGCCGGTGGGCTCTAAGCGTAGTACATACTCCCGCTATAGAGTTTCTCCGGTGGCTCGCCAGAACCCCCAATTTTTTTTACA,k__Fungi_p__Ascomycota_c__Leotiomycetes_o__Helotiales_f__Mollisiaceae_g__Phialocephala,FALSE,ITS
TAACCACTCAAGCCTCGGCTTGGTCTTGGGGTTCGCGGTCTCGCGGCCCTTAAAATCAGTGGCGGTGCCGTCTGACTCTAAGCGTAGTAATTCTCTCGCTATAGGGTCCCGGCGGTTACCTGCCAGAACCCCCCATTTTTTAC,k__Fungi_p__Ascomycota_c__Leotiomycetes_o__Helotiales_f__Hyaloscyphaceae_g__Hyaloscypha,FALSE,ITS
CAACCCTCAAGCCCAAGCTTGGTATTGGATGTCACTTATCTGGTGCATCTCAAAAGTAGTGGCGGTGCCATCCAGCTTCAAGCGTAGTAAATTTCTCGCTCCTGGAGTTTGGGTGCTGTGCCTGCCAGAACCCCTAAACTATCAAA,k__Fungi_p__Ascomycota_c__Leotiomycetes_o__Helotiales,TRUE,ITS
CAACCATCAAGCCCTAGGCTTGTGTTGGAGCCCTGCGGCCGCCCGCAGCCTCCTAAAAGCAGTGGCAGGCTCGCTATCACACCGAGTGCAGTAGTTTACTCTTCGCTCAGGGCGTGTGGCGGGTTCTAGCCGTTAAAACCCCTACTTCTCAA,k__Fungi_p__Ascomycota_c__Sordariomycetes_o__Sordariales,FALSE,ITS
TAACCACTCAAGCCTCGGCTTGGTCTTGGGGTTCGCGGTCTCGCGGCCCTTAAAATCAGTGGCGGTGCCGTCTGGCTCTAAGCGTAGTAATTCTCTCGCTATAGGGTCCAGGTGACCACCTGCCATAACCCCCCATTCTTTAT,k__Fungi_p__Ascomycota_c__Leotiomycetes_o__Helotiales_f__Hyaloscyphaceae_g__Hyaloscypha_s__finlandica,FALSE,ITS
AAACCACTCAAGCACATTTTGCTTGGTTATGGGAGAAGAGGTTACTCTGTGGCCTCCCTTCCGAAATTCAATGGCGGATTGCTGTACGTACCCTGGTGTAGTAATAACTTATTCGCTGGAATACGTCTACAGTCCTGCCCCTAACCCCCAATTCTTTCT,k__Fungi_p__Ascomycota_c__Pezizomycetes_o__Pezizales,FALSE,ITS
TAACCCTCAAGCCTAGCTTGGTGTTGGAGCATGCTATCTAGCAGCCCTTAAAATCAGTGGCAGTGCCCTTCGGCTCTAAGCGTAGTAACTTTTCTCGCTATAGACACCGGGTGGTACGCGCCAAAACCCCCAACTTTCTAT,k__Fungi_p__Ascomycota_c__Leotiomycetes_o__Helotiales_f__Hyaloscyphaceae,TRUE,ITS
AAATAAAAATCGGGGTTGTCGCTGCCTTTCGTGGTGACGCTTCGGAATTGGGCCGTCTTTACCTTTCGGTTAAGTGACCTAAAAGTTTTACGTGATTTTTCAACGTGTTTAAATTTTTTTATACGCGTTTGTAACAATCAAGTATTAGATGTGGTCATTCTCATGATTTCGCGTCTATAATT,k__Fungi_p__Glomeromycota_c__Glomeromycetes_o__Glomerales_f__Glomeraceae_g__Dominikia,FALSE,ITS
AACCACTCACGCCTAGCGTGGTATTGGGGCACGCGGTCTCGCGGCCCTCAAAATCAGTGGCGGCGCCGGTGGGCTCTAAGCGTAGTACATACTCCCGCTATAGAGTTCCCCCGGTGGCTCGCCAGAACCCCCAATCTTTTACA,k__Fungi_p__Ascomycota_c__Leotiomycetes_o__Helotiales_f__Mollisiaceae_g__Phialocephala_s__fortinii,FALSE,ITS
TAACCACTCAAGCCTCGGCTTGGTCTTGGGGTTCGCGGTCTCGCGGCCCTTAAAATCAGTGGCGGTGCCGTCTGGCTCTAAGCGTAGTAATTCTCTCGCTATAGGGTCCAGGCGACCACCTGCCATAACCCCCCATTTTTTAC,k__Fungi_p__Ascomycota_c__Leotiomycetes_o__Helotiales_f__Hyaloscyphaceae_g__Hyaloscypha,FALSE,ITS
GCACTCTCACACCTAACCTTTGGGGATAAAGTGTGGAATTGGGATGCGCCAGTTTGTTAAAAGCTGGCCCTCTTAAAATTCAGTTCATGACTGTTTTCAATATGAGCAGTTTGGCCTAATAGTTTTGGCTCTTTTGTCAAATCTTTGGCTTCATTCGCTTCTGAAAATCAGTCTTGATATACAGAAAACTCATTCAAA,k__Fungi_p__Mucoromycota_c__Umbelopsidomycetes_o__Umbelopsidales_f__Umbelopsidaceae_g__Umbelopsis_s__autotrophica,FALSE,ITS
AAAAAACCACTCAAGCTCCTTTGCTTGGTTTTGGAAAAGAAGAGTCTGCGGTTTCTCTCTCTTCCGAAATGTAATGGCGGAAGCCCTCATGTACCTGGCGTAGTAATAACTGTTCGCCTTGGGTCTTGAAACATTCCTGCTGTCAACCACCCCCAAATTTTTCTA,k__Fungi_p__Ascomycota_c__Pezizomycetes_o__Pezizales_f__Pyronemataceae,FALSE,ITS
GAATATCTCGCTCCTCTTAGGGGGAGTGGACTTGGACCGTGCTGTCGACTCGTCGACGGCTCGTCTCGAAATGCATTAGCCTGCAGAGTTTCGCTTGGCCGCTGGTGTGATAATTGTCTACGCCGTTGCGCCGAACGAGCCGCTCTGGGCTCACAGTGACCTATTCTTTAACG,k__Fungi_p__Basidiomycota_c__Agaricomycetes_o__Auriculariales_f__Hyaloriaceae_g__Protodontia,FALSE,ITS
CACCACTCAAGCCTCGCTTGGTATTGGGCAACGCGGTCCGCCGCGTGCCTCAAATCGTCCGGCTGGGTCTTCTGTCCCCTAAGCGTTGTGGAAACTATTCGCTAAAGGGTGTTCGGGAGGCTACGCCGTAAAACAACCCCATTTCTAA,k__Fungi_p__Ascomycota_c__Dothideomycetes_o__Capnodiales_f__Cladosporiaceae_g__Cladosporium,TRUE,ITS
CAACCCTCAAGCATTGCTTGGTATTGGATGCCACTGCTGTGGTGCATCTCAAAAGTATTGGCGGTGGCATTCAGCTTCTAGCGTAGTAAATCTTCTCGCCTTGGAGTTTGAGTGTCTGACTGCCAGAACCCCTAAATTTATCAAA,k__Fungi_p__Ascomycota_c__Leotiomycetes_o__Helotiales_f__Leotiaceae_g__Pezoloma,FALSE,ITS
CAACCCTCGAACCCCTCCGGGGGGTCGGCGTTGGGGATCGGCCCTTCACGGGGCCGGCCCCGAAATACAGTGGCGGTCTCGCCGCAGCCTCTCCTGCGCAGTAGTTTGCACACTCGCATCGGGAGCGCGGCGCGTCCATTGCCGTAAAACACCCAACTTTCTGAAA,k__Fungi_p__Ascomycota_c__Sordariomycetes_o__Hypocreales_f__Hypocreaceae_g__Trichoderma_s__spirale,TRUE,ITS
CAACACTCAAGCTCTGCTTGGTATTGGACCGCATCAGTTCTGATCGGTCTTAAAATCAGTGGCGGTGCCATCGTGCTCTAAGCGTAGTAATACTCCTCGCTACAGGGTCCCGGTGCGTGCTTGCCAACAACCCCCCAACTTTCAA,k__Fungi_p__Ascomycota_c__Leotiomycetes_o__Helotiales_f__Helotiaceae_g__Infundichalara,FALSE,ITS
CAACCATCAAGCATTGCTTGGTGTTGGGCTCCGCTGCTCACCCAGCGGGCCTTAAAATCAGTGGCGGTGCCGTCGGGCCCTGAGCGTAGTAAATCTTCTTGCTACAGGGACCCGGCGGACGCTGGCCATCAACCCCTTACTTTCTAA,k__Fungi_p__Ascomycota_c__Leotiomycetes_o__Helotiales_f__Hyaloscyphaceae_g__Glutinomyces,FALSE,ITS
AATTCTCAACCTCACCAGTTTTGTCATGAGACTGTGTAAGGCTTGGATGTGGGGGTTTGTGCAGGCTGCCTCAGTGCGGTCTGCTCCCCTGAAATGCATTAGCGAGTTCAAACTGAGCTCCGTCTATTGGTGTGATAATTATCTACGCCGTGGATGGTTCTTAGACTTGCTTCTAACCGTCCGCAAGGACAACTTTTGACA,k__Fungi_p__Basidiomycota_c__Agaricomycetes_o__Agaricales_f__Psathyrellaceae_g__Coprinellus,FALSE,ITS
GCACTCTCACAACTAACCTTTGGGTAAAATTGTGGAATTGGAATGCGCTGATTGTTATAACCAGCCCTTCTAAAATATATTTCATGACTGTCACCTAACACAGCAGTTTGGCCTAATAGTTTTGACATTGATTTGTCAAATCTTTGGCTTACATTTGCTTCAGGTTGTCAGTTTTGATAATACAGAAACTCATTCAAA,k__Fungi_p__Mucoromycota_c__Umbelopsidomycetes_o__Umbelopsidales_f__Umbelopsidaceae_g__Umbelopsis_s__changbaiensis,FALSE,ITS
CTGCCCTCAAGCCCGGCTTGTGTGTTGGGTCTCGTCCCCCTTCCCGGGGGGACGGACCCGAAAGGCAGCGGCGGCACCGCGTCCGGTCCTCGAGCGTATGGGGCTTTGTCACCCGCTCTGTAGGCCCGGCCGGCGCTTGCCGATCAACCAAAACTTTTTTCCA,k__Fungi_p__Ascomycota_c__Eurotiomycetes_o__Eurotiales_f__Aspergillaceae_g__Penicillium_s__canescens,FALSE,ITS
CAACCCTTAAGCCTAGTTGCTTAGTGTTGGGAATCTGCCCTGTATTTATAGGGCAGTTCCTTAAAGTGATTGGCGGAGTTAGGGCATACTCTAAGCGTAGTAATATTCTTCTCGCTTCTGTAGTTGTCCTGGCGGCTTGCCGTTAAACCCTTATATTTCTAGT,k__Fungi_p__Ascomycota_c__Sordariomycetes_o__Xylariales_f__Hypoxylaceae_g__Daldinia_s__loculata,FALSE,ITS
CAACCCTCAAGCCCAGCTTGGTATTGGGTGTCACCTGGCAATGGTGCACCTTAAAATCAGTAGTGGTGCTATCTGGCTTCAAGCGTAGTAAAACAATCGCTTTGGAGGTTTGGATATGTTGCTTGCTATCAACCCCTAATTTATTCAAA,k__Fungi_p__Ascomycota_c__Leotiomycetes_o__Helotiales_f__Tympanidaceae_g__Tympanidaceae_gen_Incertae_sedis,TRUE,ITS
GCACTCTCACAACTAACCTTTGCTGGTTAAATCGTGGAATTGGGATGCGCCAGTTGTTATTGATTGGCCCTCCTAAAATGTAGCTCTTGACTGTGGACTACTACAGTAGTTTGGCCTAATAGTTTTGGCACTTGTCAAATCTTTGGCTACATTTACTTTGGTCCATGCAGTCTTGATATACAGAAAACTCTAATACAA,k__Fungi_p__Mucoromycota_c__Umbelopsidomycetes_o__Umbelopsidales_f__Umbelopsidaceae_g__Umbelopsis,TRUE,ITS
CAACCCTCGAACCCCTCCGGGGGGTCGGCGTTGGGGATCGGCCCTTTACGGGGCCGGCCCCGAAATACAGTGGCGGTCTCGCCGCAGCCTCTCCTGCGCAGTAGTTTGCACACTCGCATCGGGAGCGCGGCGCGTCCACAGCCGTTAAACACCCCAAACTTCTGAAA,k__Fungi_p__Ascomycota_c__Sordariomycetes_o__Hypocreales_f__Hypocreaceae_g__Trichoderma_s__virens,FALSE,ITS
AAATAAAAATCGGGGTTGTTGCTGCCTTTCGTGGTGACGCTTCGGAATTGGGTCGTCTTTGCCTTTCGGTTAAGTGACCTAAAATTTTACGTGATTTTTCAACGTGTTTAAATTTTTTTACACGCGTTTGTAACATCAAGTATTAGATGTGGTCATTCTCATGATTTCGCGTCTATAATT,k__Fungi_p__Glomeromycota_c__Glomeromycetes_o__Glomerales_f__Glomeraceae_g__Dominikia,FALSE,ITS
CAACCCTCAAGCTCTGCTTGGTATTGGGCTCCGCCGGTCCCGGCGGGCCTTAAAATCAGTGGCGGCGCCACTCGGCTTCAAGCGTAGTAATTCTTCTCGCTTCGGAGACCCGGGTGTGTGCTAGCCAGCAACCCCCAATTTTTTCA,k__Fungi_p__Ascomycota_c__Leotiomycetes_o__Thelebolales_f__Pseudeurotiaceae_g__Pseudeurotium,FALSE,ITS
TAACCACTCAAGCCTCGGCTTGGTCTTGGGGCTCGCGGTCTCGCGGCCCTTAAAATCAGTGGCGGTGCCGTCTGGCTCTAAGCGTAGTAATTTTCTCGCTATAGGGTCCAGGCGACCACCTGCCAGAACCCCCCATTCTTTAC,k__Fungi_p__Ascomycota_c__Leotiomycetes_o__Helotiales_f__Hyaloscyphaceae_g__Hyaloscypha,FALSE,ITS
CAACCCTCGCGCCGTCCCTCCAGGGGGCTCGGCGCGGTGTTGGGGGACACGGCCCCGGCCGCCCCCGAAATGCAGTGGCGACCCCGCCGCGGCCCCTCCAGCGCAGTAAGCACGCTCGCTACGGGAGGCCCGGTGGACGCGTCCGCCGTAAAACGCCCAACTCTTCAGA,k__Fungi_p__Ascomycota_c__Sordariomycetes_o__Hypocreales_f__Ophiocordycipitaceae_g__Hirsutella,FALSE,ITS
AATTCTCAACCTTTCCAGCTTTTGCGAGCTTGGTCAGGCTTGGATGTGGGGGTTGCGGGCTTCTCAGAAGTCGGCTCTCCTTAAATGCATTAGCGAAACCTTTGTTGACCATCTCCTGGTGTGATAATTATCTACGCCACTAGAATGTCAGCCTCAACTTGTTGAGAGGCTCTGCTTCTAATCGTCCTTCAGGACAACTCTGACA,k__Fungi_p__Basidiomycota_c__Agaricomycetes_o__Agaricales_f__Lyophyllaceae_g__Tephrocybe_s__ambusta,FALSE,ITS
GCACTCTCACAACTAACCTTTGCTGGTTAAATTGTGGAATTGGGATGCGCCAATTGTTATTGATTGGCCCTCCTAAAATGTAGCTCTTGACTGTGGACTACTACAGTAGTTTGGCCTAATAGTTTTGGCACTTGTCAAATCTTTGGCTACATTTACTTTGGTCCATGCAGTCTTGATATACAGAAAACTCTAATAAAA,k__Fungi_p__Mucoromycota_c__Umbelopsidomycetes_o__Umbelopsidales_f__Umbelopsidaceae_g__Umbelopsis,FALSE,ITS
AAACCAATCCAGCTTGCTGGGCCTTGGGCTCTCGCCTCCGGGCGGGCCTTAAAATCAGTGGCGGCGCCATCCGGCTCTACGCGCAGTACATCTCCTCGCTACAGAGCTCCGGGTGGAGGCTGGCCAACCAACCCCCCATTCTATAA,k__Fungi_p__Ascomycota_c__Leotiomycetes_o__Helotiales_f__Helotiaceae_g__Glarea,FALSE,ITS
CAACACTCAAGCTCTGCTTGGTATTGGACCGCACCGGTAACACGGTCGGTCTTAAAATCAGTGGCGGCGCCACCTGGCTCTAAGCGTAGTAATACTCCTCGCTATAGAGTCCCGGTGGATGCTTGCCAGCAACCCCCAACTTTCTAA,k__Fungi_p__Ascomycota_c__Leotiomycetes_o__Helotiales_f__Hamatocanthoscyphaceae_g__Xenopolyscytalum,FALSE,ITS
GTACCTTCAAGCTTTGCTTGGTGTTGGGTGTTTGTCTCGCCTTTGCGTGTAGACTCGCCTTAAAACAATTGGCAGCCGGCGTATTGATTTCGGAGCGCAGTACATCTCGCGCTTTGTACTCATAACGACGACATCCAAAAGTCATTTTTTACAC,k__Fungi_p__Ascomycota_c__Dothideomycetes_o__Pleosporales_f__Didymellaceae_g__Vandijckomycella_s__snoekiae,FALSE,ITS
AGACTCAACCCCTCGGGTTTCCGAGTAGGTTGGATGTGGGTGTTGCCTGTCTCTGGCTCGCCTTAAAGAACTTAGTGGGGATAGCATCCTAGTCGACGTAATAAGTTTCGTCGGTGATGGTGTGAAGCCTGCTCATAACTGCCCTTGGGCACCTTTTGA,k__Fungi_p__Basidiomycota_c__Tremellomycetes_o__Tremellales_f__Trimorphomycetaceae_g__Saitozyma,FALSE,ITS
CAACCCTCAAGCTCTGCTTGGTGTTGGGCCCTGCCCGCTGCGGCCGGCCCTAAAGACAGTGGCGGTGCCGCCTGGCCCTGAGCGTAGTACATCTCTCGCTCCAGTGCCCGGCGGTGGCCTGCCAGAACCCCAACTCTCGT,k__Fungi_p__Ascomycota_c__Leotiomycetes_o__Helotiales_f__Myxotrichaceae_g__Oidiodendron,FALSE,ITS
TGACCACTCAAGCCCGGCTTGGTGTTGGGGTCCGCGGTCTCGCGGCCCTTAAAATCAGTGGCGGCGCCATCTGGCTCTAAGCGTAGTAATACTCCTCGCTATAGGGTCCTGGTGGATGCTCGCCATCAACCCCCAATCTCAC,k__Fungi_p__Ascomycota_c__Leotiomycetes_o__Helotiales_f__Hyaloscyphaceae_g__Hyaloscypha,FALSE,ITS
CAACCCTCAAGCTCTGCTTGGTATTGGGCGTCACTCTTGAAGTGCGCCTCAAAATCAGTGGCGGTGCCACCTGGCTCCTAGCGTAGTAAAACTTTCTCGCTATAGAGTTTGGGTGTTTGCCTGCCAGCAACCCCCCCCTTTTTTATA,k__Fungi_p__Ascomycota_c__Leotiomycetes_o__Helotiales,FALSE,ITS
CAACCCTCAAGCCCTGCTTGGTGTTGGGGTCCCACGGCTGCCGTGGGCCCTGAAAGGAAGTGGCGGGCTCGCTACAACTCCGAGCGTAGTAATTCATTATCTCGCTAGGGAGGTTGCGGCGTGCTCCTGCCGTTAAAGACCACATCTTTAACCAA,k__Fungi_p__Ascomycota_c__Sordariomycetes_o__Coniochaetales_f__Coniochaetaceae_g__Coniochaeta,TRUE,ITS
CAACCATCAAGCCCCAGGCTTGTGTTGGGGCCCTGCGGCCGTCCGCAGCCCCCGAAAAGCAGTGGCGGGCTCGCTGTCACACCGAGCGCAGTAGTATATCTTCGCTGGGACGTGATTGCGGGTTCCGGCCGTGAAACACCCCATTTATCAA,k__Fungi_p__Ascomycota_c__Sordariomycetes_o__Sordariales_f__Podosporaceae_g__Podospora,FALSE,ITS
AATCAATCAAGCCTTGCTTGGTGTTGGGTGTTTGTTCCGCCTCGGTGCGTGGACTCGCCTTAAATTCATTGGCAGCCGGTATGTTGGCTTCGTGCGCAGCACATTGCGTCGCGATTCTGGCAGACCCCCTCCCATTAAGCTCCTTTCTA,k__Fungi_p__Ascomycota_c__Dothideomycetes_o__Pleosporales_f__Melanommataceae_g__Pleotrichocladium,FALSE,ITS
AAACCTTCAAGCTATGCTTGGTGTTGGGTGTTTGTTCCGCCTCAGTGCGTGGACTCGCCTCAAATTCATTGGCAGCCGGTATGTTGGCTTCGTGCGCAGCACATTGCAAGCGATTTCAGCAGACCTCCTTCCACAAGCCTTTTTTTA,k__Fungi_p__Ascomycota_c__Dothideomycetes_o__Pleosporales_f__Melanommataceae_g__Alpinaria_s__rhododendri,FALSE,ITS
CAACCCTCAAGCCCAGCTTGGTATTGGGTGTCACCTGCATGGTGCGCCCCAAAATCAGTGGCGGCGCCATCTGGCTTCAAGCGTAGTAATACTTCTCGCTCTGGAGGTCCAGGGTGGATGCTGGCCAAAACCCCCATACTTTTCTCAA,k__Fungi_p__Ascomycota_c__Leotiomycetes_o__Helotiales_f__Helotiaceae_g__Calyptrozyma,FALSE,ITS
TTAATACTGAGTCAATCTTATGGCTTGCGCTGCCTGTGGCCGTTCTCCGGAGTGGCCTGGGCGAAACACGTCGGCGTCGCAACCTCGGGTTAGCCAGCGTAGCAGAACGTCTCGCGGCTTAACTGGAAAGGTCGGGCGCCAATCCCAAACCGAAC,k__Fungi,FALSE,ITS
TCACCCCTCAAGCTCGCGGCTTGGTGTTGGATTTAGGCGTGGTCTCACCCACGGCTGGTCTCAAAGATAGTGACGCCGTCCCCAGAGGGAACCGGTACGAGGAGCTTTTTAACCAGAGCATGTGCCGGTATGACCTGTGGGCGGCGGTCTATACTTTTTTTAAACCTAAG,k__Fungi_p__Ascomycota,FALSE,ITS
GTTAATAAAAATCGGGTGCGTTGCAATTTTTGTGACGTTTCCGGAGTTTGAGTTATCAGAAACTTCGGTTTTAAGAGGCTTAAAATTGACCTTTTTTGTGCATTTTTAGACGTACATAAATTTTTTTTTATTCGTCCATTCTAATGCCAAAATCTATTAGATGCGACCATATCTTGTGGTTTCGTGTCTATAAATTTTTCATG,k__Fungi_p__Glomeromycota_c__Glomeromycetes_o__Glomerales_f__Glomeraceae_g__Rhizophagus_s__irregularis,TRUE,ITS
ACACCATCAAGCCTGGCTTGGTCTTGGACGCGGTCGAGTGACCCGTCCGTAACCCGTTGGCGGTACAGTCCGGCTTCAAGCGTAGCAAAAATTTCGCTTCAGGAGTCCGCGGCGGTGCCTGCCAGGTAACAACTTCCTAAA,k__Fungi_p__Ascomycota_c__Dothideomycetes_o__Mycosphaerellales_f__Teratosphaeriaceae_g__Teratosphaeria,FALSE,ITS
AACACATCCTCAAGCAGCTTTGCTTGGTATTGGAGGAAGATGTCCGCATCCCCTCTCAAATCCCTCAGCGGAAACCTCTGCGGTCTCAGGTGTGATAATTATTTTTCGCTTGGTGACTGTGGGTATGTTCTTGCTGTTAAGAGCCCCCCAGCTTCTTTTTGA,k__Fungi_p__Ascomycota_c__Pezizomycetes_o__Pezizales_f__Sarcosomataceae_g__Plectania_s__milleri,FALSE,ITS
TAACCACTCAAGCCTCGGCTTGGTCTTGGGGTTCGCGGTTTCGCGGCCCTTAAAATCAGTGGTGGTGCCGTCTGGCTCTAAGCGTAGTAATTCTCTCGCTATAGGGTCCAGGTGACCACCTGCCATAACCCCCCATTCTTTAC,k__Fungi_p__Ascomycota_c__Leotiomycetes_o__Helotiales_f__Hyaloscyphaceae_g__Hyaloscypha_s__finlandica,FALSE,ITS
CAACCCTCAAGCCTGGCTTGGTATTGGGCGTCACCGGCACGGTGCGCCTCAAAAGCAGTGGCGGTGCCATCTGGCTTCAAGCGTAGTAACACTTCTCGCTCTGGAGGTCCAGGTGGTTGCCCGCCAAAAACCCATACTTTCTCAA,k__Fungi_p__Ascomycota_c__Leotiomycetes_o__Helotiales_f__Helotiaceae_g__Calyptrozyma,FALSE,ITS
TACTACTAAGGCTCAGCCTTGCGGTGACCGACGCCCCTCCTGTCTTTCTGGAGGGGTGGGGTCGAAACCCATGGGCGCGTCCTCTCAGGTCGTCCAGCGTAGCAAGTCTCTCGCTGAACGTTTGCCGAGAGTGGGAGCGCCAGTACTCAATAACGAAC,k__Fungi_p__Ascomycota_c__Lecanoromycetes_o__Lecanoromycetes_ord_Incertae_sedis_f__Micropeltidaceae_g__Micropeltidaceae_gen_Incertae_sedis,FALSE,ITS
ATATATATCAACCCTCTCTCTCTTGTAGTGAGTGGGTTTGGATGTGGGGGTTTGCTGGCCTCTTTTTTTTAAAAGAGGGTCAGCTCTCCTGAAATGCATTAGCAGAACAACCTGTTCATTGGTGTGATAACTATCTGCGCCATTGAATGTGAGGGGCAGTTCAGCTTTCTAACAGTCTTTGGACAATTCATCATTA,k__Fungi_p__Basidiomycota_c__Agaricomycetes_o__Agaricales_f__Cortinariaceae_g__Cortinarius,FALSE,ITS
ATACCAATCTAGCCTGGCTAGGTGTTGGGCTTCGCCGTCTGGCGGGCCTTAAAACTAGTGGCGGTGCTCTTAGGCTCTACGCGTAGTAATTTTCTCGCTATAGGGTCCTGGGAGATGCTGGCCAGCAACCCCTAATTTTTCTA,k__Fungi_p__Ascomycota_c__Leotiomycetes_o__Helotiales_f__Hyaloscyphaceae_g__Lachnum_s__pygmaeum,FALSE,ITS
CACCACTCAAGCCTGGCTTGGTGTTGGGCGACGTCCCCTTCCCGGGACGCGCCTTGAAATGCTCGGCGGCGTGGCACCGGTTTTAAGCGTAGCAGAAACTTTCGCTTTGAAAGTCGGGGCCCCGTCTGCCGGAAGACCTACTTTTAA,k__Fungi_p__Ascomycota_c__Dothideomycetes_o__Gloniales_f__Gloniaceae_g__Cenococcum,FALSE,ITS
CAACCCTCAAGCTCTGCTTGGTGTTGGGCCCCGCCCGCTCGCGGCCGGCCCTAAAGACAGTGGCGGCAGCGTCTGGCTCCAAGCGTAGTACAGCTCTCGCTCTGGAGCTAGGCGGTAGCCTGCCAGAACCCCCCTTCTAT,k__Fungi_p__Ascomycota_c__Leotiomycetes_o__Helotiales_f__Myxotrichaceae_g__Oidiodendron_s__chlamydosporicum,FALSE,ITS
AAATAAAAATCGGTGTTGTTGCTGCCTTTCGTGGTGACGCTTCGGAATTGGGCCGTCTTTACCTTTTGGTTAAGTGACCTAAAAGTTTACGTGATTTTTCAACGTGTTTAAATTTTTTTATACGCGTTTGTAACAATCAAGTATTAGATGTGGTCATTCTCATGATTTCGCGTCTATAATT,k__Fungi_p__Glomeromycota_c__Glomeromycetes_o__Glomerales_f__Glomeraceae_g__Dominikia,FALSE,ITS
CAACCCTCAAGCTCTGCTTGGTGTTGGGCCCCGCCGCCCTGGCGGGCCCTAAAGTTAGTGGCGGTGCCGTCTGGCTCCGAGCGTAGTAATTCTTCTCGCTCTGGAGGCCCGGCCGTGTGCCCGCCAGCAACCCCTAAATTTTTTCA,k__Fungi_p__Ascomycota_c__Leotiomycetes_o__Thelebolales_f__Pseudeurotiaceae_g__Geomyces,FALSE,ITS
AAATAAAAATCGGGGTTGTCGCTGCCTTTCGTGGTGACGCTTCGGAATTGGGTCGTCTTTACCTTCGGTTAAGTGACCTAAAATTTTACGTGATTTTTCAACGTGTTTAAATTTTTTTACGCGCGTTTGTAATATCGAATATTAGATGTGATCATTCTTATGATCTCGCGTCTATAATT,k__Fungi_p__Glomeromycota_c__Glomeromycetes_o__Glomerales_f__Glomeraceae_g__Dominikia,FALSE,ITS
CACCACTCAAGCACTGCTTGGTATTGGGCACTCGTCCGTCGAAAGGCGGGCGTGCCTCGAAGACCTCGGCGGGGTTTCACCAACTTCGGGCGTAGTAGAGTTAAATCGAACGTCTTATAAGCTTGGGGGAGCCTCATTGCCGTTAAACCTTTTATTTTTTCA,k__Fungi_p__Ascomycota_c__Dothideomycetes_o__Dothideales_f__Dothideaceae_g__Dothidea,FALSE,ITS
CCCCCCAACTCAAACTTTTTTCTTTTAGAAGGAAGCTTGGATTACTTTGAAGGTGTAGCTTGCAAAGGCTGCTTTTCAGAAATTCATAGGCAGTATGGTTATTCCTAGACCAGACGTAATAATAATAAAACCGTCTTTTTGGGAAAGAATCGTGCTCGCCTTAACCCACCCATTATCTTTTTACTT,k__Fungi_p__Ascomycota_c__Pezizomycetes_o__Pezizales_f__Pezizaceae_g__Plicaria,FALSE,ITS
CAACCCTCAAGCTCTAGCTTGGTTTTGGATGTCACTAATCTGGTGCATCTCAAAAGCAGTGGCGGTGCCATTCAGCTTCAAGCGCAGTAAATTTCTCGCTACGGAGTCTGGGTACAGTACCTGCCAGAATCCCCCCAATTCAAA,k__Fungi_p__Ascomycota_c__Leotiomycetes,FALSE,ITS
AAATAAAAATCGGGGTTGTTGCTGCCTTTCGTGGTGACGCTTCGGAATTGGGCCGTCTTTACCTTTTGGTTAAGTGACCTAAAAGTTTTACGTGATTTTTCAACGTGTTTAAATTTTTTTATACGCGTTTGTAACATCAAGTATTAGATGTGGTCATTCTCATGATTTCGCGTCTATAATT,k__Fungi_p__Glomeromycota_c__Glomeromycetes_o__Glomerales_f__Glomeraceae_g__Dominikia,FALSE,ITS
AATTCTCCACTTCAAATTTCTATTTTGAAGCTTGGATGTTGGAGGCTTTGCAGGCATTTATTTGCCAGCTCCTCTTAAATGCATTAGCAGAACTTGTACGTTCGGCTCTGGTTTGATAATACTATCTATGCCATTGCTGAAAGGTCATTGTTCAGCTTCTAATGGTCCATTGCATTGGACTGTCTCTTTGGAGGCATAACCTTTTG,k__Fungi_p__Basidiomycota_c__Agaricomycetes_o__Agaricales_f__Clavariaceae_g__Clavulinopsis_s__helvola,FALSE,ITS
CAACCCATCAAGCTTCGGCTTGGTCTTGGGGCCTGCGGTTTCGCAGCCTCTAAACTCAGTGGCGGTGCTTCTGAGCTCTGAGCGTAGTAATTTTTTCTCGCTATAGGGTCTCGGAGGTTACTTGCCAACAATCCCCAATTTTTATCA,k__Fungi_p__Ascomycota_c__Leotiomycetes_o__Helotiales_f__Helotiaceae_g__Tetracladium_s__furcatum,FALSE,ITS
AAATAACATTCGTGAATTTTTCGCGGATTTGAGTTTTCCAGTATTTAATAAAATGCTGGTAACTTTAAAATTATTTATTACTTGGTACAAGTTGAAAACGTGCTATATGTGTGGTTCGCTGACAACTTGTCCATCTTTATATATTATGCGCGCACTTGGTTTTCAAAGCTTTGTGTGATCATATATTTTT,k__Fungi_p__Glomeromycota_c__Glomeromycetes_o__Diversisporales_f__Diversisporaceae,FALSE,ITS
CCACCCTCAGGCCCTGCCTGGTGTTGGGGGCCTGCGCTTGCAGCCCCCGAAAGCCAACGGCGGTCCCGGTCCCGGCCCCGAGCGTAGTAGCATACCTCGCTCTGGGCGCCTGGCGGGCACCAGCCGCAACCCACCATCTCAA,k__Fungi_p__Ascomycota_c__Sordariomycetes_o__Chaetosphaeriales_f__Chaetosphaeriaceae,FALSE,ITS
CAACCCTCAAGCTCTGCTTGGTATTGGATGTCACCGGCTCCGGTGCACCTTAAAATCAGTGGCGGTGCCATTCGGCTTCAAGCGTAGTAATTCTTCTCGCTTCGGAAAAGGGTGACACGCTGCCAACAACCCCTAATTTTTCAA,k__Fungi_p__Ascomycota_c__Leotiomycetes_o__Helotiales_f__Tympanidaceae,FALSE,ITS
CATTCTTAAATCTATGGATTTAGTGTTGGACAATTCTTCGAGAGAAGATGGTCTGAAATGAATTTTGGCAGAGGCGACTATATAAGCTTTTACAACGTATTAGGTTTTACCATCTCGTTGGAAATATACGGTGAATATAGCAGCTTTGGCGTTATAACTAAAACTTCAAAA,k__Fungi_p__Ascomycota_c__Saccharomycetes_o__Saccharomycetales_f__Saccharomycetales_fam_Incertae_sedis_g__Saccharomycetales_gen_Incertae_sedis,FALSE,ITS
AATCTCAACCATTAGGGTTTCTTAATGGCTTGGATTTGGGTGTTGCCAGTCTCTGGCTCGCCTTAAAGGAGTTAGCGAGTTTAACAATGTCGTCTGGCGTAATAAGTTTCGCTGGTAAGACTTGTGAAGTTTGCTTCTAATCGTCTTCGGACAATTACTTTGA,k__Fungi_p__Basidiomycota_c__Tremellomycetes_o__Trichosporonales_f__Trichosporonaceae_g__Apiotrichum_s__xylopini,FALSE,ITS
ACACCCTCAAGCTCTGCTTGGTGTTGGGCGTCTGTCCCGCTATACGCGTGGACTCGCCCCAAAGTCATTGGCAGCGGTCGTGCCAGCTTCTCGCGCAGCACATTTGCGTTTCTTGAAGTTTGGTGGATCAGCGTCCAGTAAGCTCTTTTTATG,k__Fungi_p__Ascomycota_c__Dothideomycetes_o__Pleosporales_f__Massarinaceae_g__Stagonospora_s__bicolor,FALSE,ITS
TAATCTCACACCCAAGACTTCTTGTCGAGGGAGGTGGACTTGGACGTTTGCTGCGTAACTGCAGCTCGTCTCAAAAATGTCAGCGCAGCTCTAGATGAAGCGTTTGATGCCCAGTGTAATAAGTATTTCGCTGTGGTTAGCATTAGTCTAGTTGTTGTGCTCTCTAATCGTCTTCGGACTGGACCAGCGATGGTTCATTTGACA,k__Fungi_p__Basidiomycota_c__Agaricomycetes_o__Sebacinales_f__Sebacinaceae_g__Chaetospermum,FALSE,ITS
CAACCCTCAAGCTCTGCTTGGTGTTGGGCCCAGCCCGTCGCGGCCGGCCCCAAAGACAGTGGCGGCGCCGTCGGGCCCTAAGCGTAGTACATCTCTCGCTCTAGGGCCCCGTGGTGGCTTGCCAGCAACCCCAACTCCTAT,k__Fungi_p__Ascomycota_c__Leotiomycetes_o__Helotiales_f__Myxotrichaceae_g__Oidiodendron_s__periconioides,FALSE,ITS
CAACCCTCAAGCCTAGCTTGGTATTGGGCCTCGCCACTAACCTGGCGGGCCTTAAAATCAGTGGCGGTGCCGTCGTGGCCCTGAGCGTAGTAAATATCCTCGCTACAGGGACCCGGTGGTTACTGGCCAGCAACCCCCAACTTTTCTAA,k__Fungi_p__Ascomycota_c__Leotiomycetes_o__Helotiales_f__Hyaloscyphaceae_g__Hyphodiscus,FALSE,ITS
AAATAACATTCGTGAATCTCTTTGCGGATTTGAGTTTTCCAGTATTTTTAATATATAAAATGTTGGTAACTTTAAAATTATTATTACTTGGTACAAGTTGAAGACGTTCTATATGTGTGGTTCGCTGACAACTTGTCCATCATCATATATTATACGTGCACTTGGTTTTTTACGCTCTGTGCGAGTATATATTTTT,k__Fungi_p__Glomeromycota_c__Glomeromycetes_o__Diversisporales_f__Diversisporaceae_g__Diversispora_s__densissima,FALSE,ITS
CAACCCATCAAGCTTCGGCTTGGATTTGAGGCCTGCGGTTTTTCGCAGCCTCTAAACTCAGTGGCGGTGCTATTGAGCTCTGAGCGTAGTAAATCTCCTCGCTATAGGGCCTCGGTAGTTGCTTGCCAACAACCCCCAATTTTTATCA,k__Fungi_p__Ascomycota_c__Leotiomycetes_o__Helotiales_f__Helotiaceae,FALSE,ITS
CAACCCTCAAGCTCTAGCTTGGTATTGGATGTCACTAATCTGGTGCATCTCAAAAGCAGTGGCGGTGCCATTCAGCTTCAAGCGCAGTAAATTTCTCGCTACGGAGTCTGGGTACAGTACCTGCCAGAACCCCCCCAATTCAAA,k__Fungi_p__Ascomycota_c__Leotiomycetes,FALSE,ITS
TAACCACTCAAGCCTCGGCTTGGTATTGGGGTGCGAGGTTTCTCGGCCCTTAAAATCAGTGGCGGTGCCATCTGGCTCTAAGCGTAGTAATTTTTCTCGCTATGGTGTCCGGTAGTTGCTTGCCAGAACCCCCCCATTTTTTAC,k__Fungi_p__Ascomycota_c__Leotiomycetes_o__Helotiales_f__Leotiaceae_g__Pezoloma,FALSE,ITS
CAACCCTCAAGCCCCCGGGCTTGGTGTTGGAGATCGGCGTGCCCCCCCGGGGCGCGCCGGCTCCCAAATATAGTGGCGGTCTCGCTGTAGCTTCCTCTGCGTAGTAGCACACCTCGCACTGGAAAACAGCGTGGCCACGCCGTTAAACCCCCCACTTCTGAAA,k__Fungi_p__Ascomycota_c__Sordariomycetes_o__Hypocreales_f__Nectriaceae_g__Ilyonectria,FALSE,ITS
ACACCATCAAGCCTAGCTTGGTCTTGGACGCGGTCGAGTGACCCGTCCGTAACCCGTTGGCGGTACAGTCCGGCTTCAAGCGTAGCAAAAATTTCGCTTCAGGAGTCCGCGGCGGTGCCCGCCAGGTAACAACTTCCTAAA,k__Fungi_p__Ascomycota_c__Dothideomycetes_o__Mycosphaerellales_f__Teratosphaeriaceae_g__Teratosphaeria,FALSE,ITS
CAACCCATCAAGCTTCGGCTTGGTCTTGGGGCTTGCGGTTTCGCAGCCTCTAAACTCAGTGGCGGTGCTTCTGAGCTCTGAGCGTAGTAATTTTTTCTCGCTATAGGGTCTCGGTGGTTACTTGCCAGCAACCCCCAATTTTTATCA,k__Fungi_p__Ascomycota_c__Leotiomycetes_o__Helotiales,FALSE,ITS
CTGCCCTCAAGCACGGCTTGTGTGTTGGGCCCCCGCCCCCCGGTCTCGGGGGGCGGGCCCGAAAGGCAGCGGCGGCACCGCGTCCGGTCCTCGAGCGTATGGGGCTTCGTCACCCGCTCTGTAGGCCCGGCCGGCGCCCGCCGGCGACCCCAATCAATCTATCCA,k__Fungi_p__Ascomycota_c__Eurotiomycetes_o__Eurotiales_f__Aspergillaceae_g__Penicillium_s__ochrochloron,FALSE,ITS
CAACCCTCAAGCTCTGCTTGGTGTTGGGCGTCGTCCCCGCTGCGGACGTGCCCGAAACTCGTAGGCGGCGCGGTAGCGGCCCCAGGAGTAGCAACAAACCTCTCCTCGGGATCCGGTGCCCCGCTCGCCCGGGAACCAACCCACTCTTTTTAG,k__Fungi_p__Ascomycota_c__Dothideomycetes_o__Cladoriellales_f__Cladoriellaceae_g__Cladoriellaceae_gen_Incertae_sedis,FALSE,ITS
CTGCCCTCAAGCACGGCTTGTGTGTTGGGCCCCCGTCCCCCCCTCCCGGGGGACGGGCCCGAAAGGCAGCGGCGGCACCGCGTCCGGTCCTCGAGCGTATGGGGCTTTGTCACCCGCTCTGTAGGCCCGGCCGGCGCCTGCCGACCACCATCAATCTTTTTTTCA,k__Fungi_p__Ascomycota_c__Eurotiomycetes_o__Eurotiales_f__Aspergillaceae_g__Penicillium,FALSE,ITS
AATTCTCAAACCTTGATCAGTTTTGCGACTGCTATCAAGGCTTTGGATGTGGGAGTCTGCTGGAACTCTTTTGGTTCAGCTCTCCTCAAATGCATTAGCGGTTACTTGATCCCCTTTCCTTGGTGTGATAATTATCTACGCCTTTGAAATGATCAGCATTGTATCAGCTTCTAACCGTCCATTGACTTGGACAAACTACTTAATTGACC,k__Fungi_p__Basidiomycota_c__Agaricomycetes_o__Agaricales_f__Mycenaceae_g__Mycena_s__aetites,FALSE,ITS
TCACTAATCAAGCCTGGCTTGCTGTTGGACCTCTTGTCGTTAAAATCGACAGGCCCTAAAGATAATGACGGCGTTATTTGGACCCTAGATGCAACGAGCTTTCATTAGCACGCGTTTAGTCGGACCTTTTAACCCGGTCTTTTTGAACCCATTTTCTAA,k__Fungi_p__Ascomycota_c__Eurotiomycetes_o__Chaetothyriales_f__Herpotrichiellaceae_g__Cladophialophora,FALSE,ITS
CAACCCTCAGGCTCTGCTTGGTATTGGGCTCTGCCGGTCCTGGCAGGCCTCAAAGTCAGTGGCGGTGCCACCCGGCTCCAAGCGTAGTAATTCTTCTCGCTTCGGAGGCCGCGGTGCGTGCTAGCCAGCAACCCCCAATTTTTTCA,k__Fungi_p__Ascomycota_c__Leotiomycetes_o__Thelebolales_f__Pseudeurotiaceae_g__Pseudeurotium,FALSE,ITS
CACTCTTAAAACATGAATTTGTTTTAGTATTGAGTCTTTATTTCTTTCCGAAGAATGACTTGAAATGAATATGGCACAAGCGAATCCAGTCATGGAGCTTTTTTCTACAACGTAATAGGTTTTACCAACTCGTTGGCTTTAATGGAAAAGGTTCTTTTGGATATAGCTTTGGCGTTATAACCAAAACTTTTAAAG,k__Fungi_p__Ascomycota_c__Saccharomycetes_o__Saccharomycetales_f__Saccharomycetales_fam_Incertae_sedis_g__Saccharomycetales_gen_Incertae_sedis,FALSE,ITS
AATTCTCAACCCCAGCGGTTCGTTGGGGCTTGGACTTGGAGCGTGCTGGCGAAGGTCGGCTCCTCTTTAAATGCATCAGCGGAAAACGGAACTTTCCCTTCGGCGTGATAATATTGTTGCGTCGTGGTGGGTCGGTTAAAGAGTCCCGCTTACAATCGTCCTCGGACAAAAATAAAAAACATCTG,k__Fungi_p__Basidiomycota_c__Agaricomycetes_o__Atheliales_f__Tylosporaceae_g__Amphinema,FALSE,ITS
CACCACTCAAGCACGGCTTGGTGTTGGGCGACGTCCCTCCTTAGGGACGCGCCTCGAAACGCTCGGCGGCGTGGCACCGGCTTTAAGCGTAGCAGAATCTTTCGCTTTGGAAGTCGGGGCCCCGTCTGCCGGAAGACCTACCATCAA,k__Fungi_p__Ascomycota_c__Dothideomycetes_o__Gloniales_f__Gloniaceae_g__Pseudocenococcum_s__floridanum,FALSE,ITS
AAATAACATTCGTGAATTTTTCGCGGATTTGAGTTTTCCTGTATTTTTATCATAATAAATGCTGGTAACTTTAAAATTATTTATTACTTGGTACAAGTTGAAAACGTGCTATATGTGTGTGTGGTTCGCTGACAACTTGTCCATCTTTATATATTATGCGTGTACTTGGTTTTTTCAAAGCTTTGTGCAATCATATATTTTTT,k__Fungi_p__Glomeromycota_c__Glomeromycetes_o__Diversisporales_f__Diversisporaceae_g__Diversispora,FALSE,ITS
CTGCCCTCAAGCACGGCTTGTGTGTTGGGTGTGGTCCCCCCGGGGACCTGCCCGAAAGGCAGCGGCGACGTCCGTCTGGTCCTCGAGCGTATGGGGCTCTGTCACTCGCTCGGGAAGGACCTGCGGGGGTTGGTCACCACTATATTTTACCAC,k__Fungi_p__Ascomycota_c__Eurotiomycetes_o__Eurotiales_f__Aspergillaceae_g__Talaromyces_s__flavus,FALSE,ITS
AGACTCAATCCCTCGGGTTTCTGAGGAGGTTGGATTTGGGCGCTTGCCTTCTGGCTCGCCTTAAAGGACTTAGCAGGATAGCACTGTAGTCGACGTAATAAGTCTCGTCGGTGAAAGTGTGATGTCTGCTTACAAATTGCCCTTGGGCACTTTTGA,k__Fungi_p__Basidiomycota_c__Tremellomycetes_o__Tremellales_f__Trimorphomycetaceae_g__Saitozyma,FALSE,ITS
CAACACTCAAGCCTTGCTTGGTATTGGGCGCCGCCCGCTATGGGCGCGCCTTAAACTCCTCGGCGTCGCCGTCCGTCTTTAAGCGCAGCGAGATTACTTTCCAGCGCTTTCAAAGACGGGCCTCGTCCGCCGGAGAACACACCTTTTTATTCTAAG,k__Fungi_p__Ascomycota_c__Dothideomycetes_o__Dothideomycetes_ord_Incertae_sedis_f__Dothideomycetes_fam_Incertae_sedis_g__Pseudoarthrographis,FALSE,ITS
CAACCCTCAAGCCCCGCTTGGTGATGGGCCCCGCCCGCGGGCGGGCCCGAAACTCGTGGGCGTCGTCGTTCGGCTCCAAGCGTAGCAAAACCCTCGCTTGGGCGCCCGGACGGCGGCCGCCCGGAACGAATCATACACAA,k__Fungi_p__Ascomycota_c__Dothideomycetes_o__Venturiales_f__Venturiaceae_g__Sympodiella,FALSE,ITS
CAACCCTCAAGCCCAGCTTGGTATTGGGTGTCACCTGCACGGTGCGCCCCAAAATCAGTGGCGGCGCCATCTGGCTTCAAGCGTAGTAATACTTCTCGCTCTGGAGGTCCAGGTGGACGCTGGCCAAAACCCCCATACTTTTCTCAA,k__Fungi_p__Ascomycota_c__Leotiomycetes_o__Helotiales_f__Helotiaceae_g__Calyptrozyma,FALSE,ITS
TGACCAATCAAGCTCTGCTTGGCCTTGGGGCCCGCTGTACCGGCGGCCCTTAAAATCAGTGGCGGTGCCGTCTGGCTCTAAGCGTAGTAATACTTCTCGCTACAGGGTCCAGCCGTCCACCCGCCAGAACCCCCAACTTTCTTA,k__Fungi_p__Ascomycota_c__Leotiomycetes_o__Helotiales_f__Helotiaceae_g__Meliniomyces,FALSE,ITS
TTAATAAAAATCGGCGTGTTGCTCTTTTGTGATGCTCCGGAGTTTGGGTCATCTTATAACAACACCTTTCAGGTGTTTTATAAGAGGCTTAAAATTGACATCTTTTTGCGCATTTTTTGACGTACATAAATTTATTTATTCGTTTATTCTAATGCCAAAATCAATTAGATGCGACCATATCGTGTGGTTCTGTGTCTATAAATTTTTTCATG,k__Fungi_p__Glomeromycota_c__Glomeromycetes_o__Glomerales_f__Glomeraceae_g__Rhizophagus,FALSE,ITS
CAACCCTCGCCCCCGGCTTCTGTCGGGGGCGGTGTTGGGGATCGGCTGCCCGTTACTGGGTGGCCGGCCCCTAAATCGAGTGGCGACCGCGCCGTGCCCTCCCCTGCGTAGTAGTAACTAACCTCGCAGGCGGAGAGCGGTGCGGCCCGCCGTAAAACCCCCAACTTTCTCAA,k__Fungi_p__Ascomycota_c__Sordariomycetes_o__Hypocreales_f__Hypocreales_fam_Incertae_sedis_g__Acremonium,FALSE,ITS
AGAACTACTCTCAACTAACACTTTGTGTGAGTTGGATGTGGGGGTTCTGCTGTTGACTTGTTCACAGCTCCTCCTAAATATGTTAGCCGGTTGGTGATGAACCACTGTTGGCTTGATATTATGTCTATGCTGCAGTTGTACATGTATCCATGGCTTATAATCGTCTTCGGACAATATTTCTGAG,k__Fungi_p__Basidiomycota_c__Agaricomycetes,FALSE,ITS
CAACCCTCAAGCTCTGCTTGGTATTGGGTGTTACCTAGCATGGTGCACCTTAAAATCAGTGGCAGTACCATTTGGCTTCAGGCGTAGTACTACTTCTCGCTTTGGAAGTTTGGGTGTGTGCTCGCCAGCAACCCCTTGTTTATCAAA,k__Fungi_p__Ascomycota_c__Leotiomycetes_o__Helotiales,FALSE,ITS
CAACACTCAAGCTCAGCTTGGTCTTGAGCCTAGCCGGTCACGGCGGGTTTTAAAATTAGTGGCGGTGCCACCTGGCTCTAAGCGTAGTAATACTCCTCGCTATTGAGTCCTGGTGGACGCTGGCCAGCAACCCCCAACTTTCCAA,k__Fungi_p__Ascomycota_c__Leotiomycetes_o__Helotiales_f__Helotiales_fam_Incertae_sedis_g__Chalara,FALSE,ITS
TAACCCCTCAAGCCTAGCTTGGTGTTGGGGTCTGCTGTTGCCGGCAGCCCTTAAAATCAGTGGCGGTGCCATCTGGCTCTAAGCGTAGTAATACTTCTCGCTACAGGGTCCTGGTGGATGCTTGCCATCAACCCCTTAAATATCTAT,k__Fungi_p__Ascomycota_c__Leotiomycetes_o__Helotiales_f__Helotiales_fam_Incertae_sedis_g__Leohumicola,FALSE,ITS
TAATACTAAGGCTCAGCCTTGTGATGACCTTCCCCTGTTTTGGGGTCGGTCGAAAAACATGCAGATCTTTTATGGTCAGGAAGCCTACGCAACAGTATGATTCCCCTCAATAAAAATCTGAATTCGCCCCCAA,k__Fungi_p__Ascomycota_c__Lecanoromycetes_o__GS36_f__GS36_fam_Incertae_sedis_g__GS36_gen_Incertae_sedis,FALSE,ITS
AATTCTCAACCCTCTCGATTTGCGTCGAGGGTGGCTTGGACTTGGAGGCTGCCGGCGTCTGTCGGCTCCTCTTAAATGCATTAGCGAATTGATAGCTTTGCGGTTGGTGTGATAATTATCTACGCCTTCAAGCCGCTCTGTAGCTTCGCTTCTAACCGTCCTTGCGGACAACTTTATCATTGA,k__Fungi_p__Basidiomycota_c__Agaricomycetes_o__Amylocorticiales_f__Amylocorticiaceae_g__Amylocorticiellum_s__molle,FALSE,ITS
GACGCCGTTCGAGCCCCTTTGATGGGCTCGGTGTTGGGGCGCTAGGTAACACTAGGCCCCCAAGCAGAAGTGCGCGGTCCGGCTGTGGGCCCCGGGTACAGTAACTTTACCGTTAGATGCCCTGGGAGAAGCAGCTAGGCTTGCCGTAAAACCCCCGACATAGGGACCCCCGCAAGGGAGGGACCGCCATA,k__Fungi_p__Ascomycota_c__Sordariomycetes_o__Hypocreales,FALSE,ITS
CTACCCTCAAGCGCGGCTTGTTTGTTGAGCCTATATTGTTCTTTAATAGGGACAGGCTTGAAATGCAGTGGCGAATGCTAGGTTTGGTGCCCGAGTGTATGGGGCTCTGTCACACGCTCTAGTGGCCCAGCTGGCGTTCTGTCCCAAAAACCTTAAAAAAGGTTTAAACCTAGA,k__Fungi_p__Ascomycota_c__Eurotiomycetes_o__Onygenales_f__Onygenales_fam_Incertae_sedis_g__Onygenales_gen_Incertae_sedis,FALSE,ITS
CAACCCTCAAGCAATGCTTGGTCTTGGGCCCCGCCAGTCATCCGGCGGGCCTTAAAATCAGTGGCGGTGCCGTCAGGCTCTGAGCGTAGTAAGTCTTCTCGCTACAGGGTCCTGGTGGATGCTAGCCAGCAACCCCCAATTTTCCAT,k__Fungi_p__Ascomycota_c__Leotiomycetes_o__Helotiales_f__Leptodontidiaceae_g__Leptodontidium,FALSE,ITS
TCACCCCTCAAGCCCTGTGCTTGGTGTTGGACGGCTTGGTCGCGTCACCGCGACTCCTCCTAAAGACAATGACGGCGGCCTGTGGTTCCCCCGGTACACTGAGCTTTTAATTGAGCACGTATTGGATAAGGGCACCCGGGACCCGGTCTTCTCCCTTCACCGGGAAATTTTTCAAT,k__Fungi_p__Ascomycota_c__Eurotiomycetes_o__Chaetothyriales_f__Herpotrichiellaceae_g__Cladophialophora,FALSE,ITS
AATCCTCAACCCTCCCTTGCGGGTGTGGCTTGGACTTGGAGCGTGCTGGCGAAGGTCGGCTCCTCTTTAAATGCATCAGCGGAAAGCTTTTCTGGCCGTTCGGCGTGATAACACTGTTGCGCCGTGGAAGCCTCTGTAAAGGCCTCGCTTACAATCGTCTTCGGACAAACGACATCTCAGTCAAATCCA,k__Fungi_p__Basidiomycota_c__Agaricomycetes_o__Atheliales_f__Tylosporaceae_g__Amphinema_s__diadema,FALSE,ITS
AAACCACTCAAGCACATTTTGCTTGGTTATGGGAGAAGAGGTTACTCTGTGGCCTCCCTTCCGAAATTCAATGGCGGATTGCTGTACGTACCCTGGTGTAGTAATAACTTATTCGCTGGAATACGTCTACAATCCTGCCCCTAACCCCCAATTTTTTCT,k__Fungi_p__Ascomycota_c__Pezizomycetes_o__Pezizales_f__Pyronemataceae,FALSE,ITS
AAATAACATTCGTGAATCTCTTTGCGGATTTGAGTTTTCCAGTATTCTTAATATATAAAATGTTGGTAACTTTAAAATTATTATTACTTGGTACAAGTTGAAGACGTTCTATATGTGTGGTTCGCTGACAACTTGTCCATCTTCATATATTATGCGCGCACTTAGTTTTTTAATGCTTTGTGCGAGTATATATTTTTT,k__Fungi_p__Glomeromycota_c__Glomeromycetes_o__Diversisporales_f__Diversisporaceae_g__Diversispora,FALSE,ITS
TGACCAAATCACGCCTGGCGTGGTCTTGGGGCTGGCAACTCTGCCGCCCTCAAACGCAGTGGCAGCGCCGTTTGGCTCTTAGCGTAGTAATACTCCTCGCTATAGGGTCCTGCGGCTGCCCGCCAGCAACCCCCAATCTTTATA,k__Fungi_p__Ascomycota_c__Leotiomycetes_o__Helotiales_f__Helotiaceae_g__Ascocoryne,FALSE,ITS
CAACCCTCAAGCAATGCTTGGTATTGGGCTCCGCCGCTTACCCGGCGGGCCTTTAAACCAGTGGCGGCGCCGTCGAGGCCCTGAGCGTAGTAAATCTCCTCGCTATAGGGACCCGGCGGACGCTGGCCATCAACCCCCACCTTCTAA,k__Fungi_p__Ascomycota_c__Leotiomycetes_o__Helotiales_f__Hyaloscyphaceae_g__Glutinomyces,FALSE,ITS
CAACCCTCAAGCAATGCTTGGTCTTGGGCCCCGCCAGTCATCCGGCGGGCCTTAAAATCAGTGGCGGTGCCGTCAGGCTCTGAGCGTAGTAAATCTTCTCGCTACAGGGTCCTGGTGGATGCTGGCCATCAACCCCCAATTTTCTAT,k__Fungi_p__Ascomycota_c__Leotiomycetes_o__Helotiales_f__Leptodontidiaceae_g__Leptodontidium,FALSE,ITS
CAACACTCAAGCCTAGCTTGGTATTGAGCCACGCCCGTAAGGGCCGGTTTTAAAATCAGTGGCGGCGCCATCTGGCTCTAAGCGTAGTAATACTCCTCGCTATTGAGTCCCGGTGGATGCTGGCCAGCAACCCCCAACTTTCTAA,k__Fungi_p__Ascomycota_c__Leotiomycetes_o__Helotiales_f__Helotiales_fam_Incertae_sedis_g__Xenochalara,FALSE,ITS
CTGCCCTCAAGCCCGGCTTGTGTGTTGGGCCGCCGTCCCCCCCTCCGGGGGGGGACGGGCCCGAAAGGCAGCGGCGGCACCGCGTCCGGTCCTCGAGCGTATGGGGCTCTGTCACCCGCTCCGTAGGCCCGGCCGGTCGTCGGCCGACGACCCAGTCTACCCCCCCTTTCTTCA,k__Fungi_p__Ascomycota_c__Eurotiomycetes_o__Eurotiales_f__Aspergillaceae_g__Penicillium_s__lassenii,FALSE,ITS
TAAATAAAAATCGATGTGTCGCTTTTTTTTGTGACGCTTCGGAATTGGGTAATCTTGACCTCTGGGTTAAGAGACCTAAAATTGATACCTTTCCGAGCATCTTGGACGTACGTAACCTTTCAAGTGTTCGGATCTCTTTATTAGGTATGATCACGCTGTGCGTGGCTCTCGTACCTATAACGTGTATTTTCATG,k__Fungi_p__Glomeromycota_c__Glomeromycetes_o__Glomerales_f__Glomeraceae_g__Rhizoglomus,FALSE,ITS
AGAACTACTCTCAACTAACACCTTGTGTGTGAGTTGGATGTGGGGGTTCTGCTGTTGACTTGTTCACAGCTCCTCCTAAATGTGTTAGCCTGTTGGTGATGAACCACTGTCGGCTTGATATTAATGTCTATGCTGCAGTTGTACATGTATCCATGGCTTATAATCGTCTTCGGACAATTTTCTGAG,k__Fungi_p__Basidiomycota_c__Agaricomycetes,FALSE,ITS
CAACCCTCAAGCTCTGCTTGGTATTGGGTGTTACCTAGCATGGTGCACCTTAAAATCAGTGGCAGTACCATTTGGCTTCAGGTGTAGTACTACTTCTCGCTTTGGAAGTTTGGGTGTGTGCTTGCCAGCAACCCCTTGTTTATCAAA,k__Fungi_p__Ascomycota_c__Leotiomycetes_o__Helotiales_f__Tympanidaceae_g__Tympanidaceae_gen_Incertae_sedis,FALSE,ITS
CAACCCTCAAGCTCTGCTTGGCATTGGGCCCCGCCGGCACCTGGCGGGCCTTAAAATCAGTGGCGGCGTCATCTGGCTCCAAGCGTAGTAGATAAACCTCGCTTCGGAGTTCCGGGTGGCAGCTTGCCAGCGAACCCCAATTCTCACAA,k__Fungi_p__Ascomycota_c__GS35_o__GS35_ord_Incertae_sedis_f__GS35_ord_Incertae_sedis_fam_Incertae_sedis_g__GS35_ord_Incertae_sedis_gen_Incertae_sedis,FALSE,ITS
CTACCATTCAAGCTTTGCTTGGTTTTGAATATATTGTAGTACTTTAAATAGTTATACATATTCTAAATATAGACGGCAGCAAGTATAAGTTCTAAGCGTAGCAGTAAAAACATTTCGCTTTTGCATTTATATTTTGTTAAACCGAAATAAAGTATATTTACA,k__Fungi_p__Ascomycota_c__Dothideomycetes_o__Mytilinidiales_f__Mytilinidiaceae_g__Mytilinidion,FALSE,ITS
AAATAACATTCGTGAATCTCTTTGCGGATTTGAGCTTTCCAGTATTTTTAATATATAAAATGTTGGTAACTTTAAAATTATTATTACTTGGTACAAGTTGAAGACGTTCTATATGTGTGGTTCGCTGACAACTTGTCCATCTTCATATATTATGCGCGCACTTAGTTTTTTAATGCTTTGTGCGAGTATATATTTTTT,k__Fungi_p__Glomeromycota_c__Glomeromycetes_o__Diversisporales_f__Diversisporaceae_g__Diversispora,FALSE,ITS
GAAACTATCACTCTTGTCCTGTCGCAAGACATGTCAGGATGTGGACTTGGACTGTGCCGTAGTTGGCTCGTCTTGAAATGCATTAGCCGTGCTGGTTAGATTCGGCCACCTGGTGTGATATACGTCTACGCCTACTGTGCTGTCTCTTCCTGAGCGTGGCTCATAATCGTCGCTTGTTCGACAACACAAATTAACG,k__Fungi_p__Basidiomycota_c__Agaricomycetes_o__Auriculariales_f__Auriculariales_fam_Incertae_sedis_g__Auriculariales_gen_Incertae_sedis,FALSE,ITS
TACTACTAAGGCTCAGCCTTGCGGTGGTCGTCTGCCTCTTTTCTTATCTTTTTCTCGGTTTCTTGCCGAGAAAAGAAGAGTGAGAGAGGTGAGACCGAAACCTATGGGCGCGTCCTCGCAGGTCGTCCAGCGTAGCAAAGTTTTTTTCAAACTACCACTCGCTGAACGGTCCTGGTGATAGGAAGCGCCAGTCAACTACACGAAC,k__Fungi_p__Ascomycota,FALSE,ITS
AATTCTCAACCTCACCAGTTTTGTTATGAGACTGTGTAAGGCTTGGATGTGGGGGTTTGTGCAGGCTGCGTCAGCGCGGTCTGCTCCCCTGAAATGCATTAGCGAGTTCACTGAGCTCCGTCTATTGGTGTGATAATTATCTACGCCGTGGATTGGACTTAGAATTGCTTCTAACCGTCCGCAAGGACAATTTTATGACA,k__Fungi_p__Basidiomycota_c__Agaricomycetes_o__Agaricales_f__Psathyrellaceae_g__Psathyrella_s__calcarea,FALSE,ITS
CAACCCTCAAGTCCCCTGTGGACTCGGTGTTGGGGACCGGCGAGACAGCCGCGGATCTTCTTCCGCAGCGAGTCGCCGCCCCCCAAATGACTTGGCGGCCTCGTCGCGGCCCTCCTCTGCGTAGTATAGCACACCTCGCAACAGGAGCCCGGCGAATGGCCACTGCCGTAAAACCCCCCAACTTTTTCAG,k__Fungi_p__Ascomycota_c__Sordariomycetes_o__Hypocreales_f__Clavicipitaceae_g__Keithomyces_s__carneus,FALSE,ITS
AATTCTCAACCCCACCGATTTGTTTCGGTTGTGGGCTTGGACTTGGAGTGTGCTGGCGAAAGTCGGCTCCTCTCTAAATGCATCAGCGGATTGAATATACCCTTTGCTGTCATCAGTGTGATAATCATGTCTCGCTGTTACCAGGCTCGGTGGTGTTCCGCTTCTAATGGTCTTCGGACAATACACTTTTTAA,k__Fungi_p__Basidiomycota_c__Agaricomycetes_o__Atheliales_f__Atheliaceae_g__Fibulomyces_s__fusoideus,FALSE,ITS
AATTCTCAATCTAAATAATTTTTTTTATTGGATTGGATTTGAGGGTTTGTTGGCTTGCAAAAGTCTGACTCCCTTTAAATATATCAGTGGCTTAATTTGATCCCCATTATTTGGTGTGATAAATCTTATCTACATTATACAATGGCAAATATTAGCTGCTTTCTAACTGTCCTTTGGACAATTTGAACC,k__Fungi_p__Basidiomycota_c__Agaricomycetes_o__Agaricales_f__Cyphellaceae_g__Henningsomyces,FALSE,ITS
CAACCCTCAAGCTCTGCTTGGTATTGGGCACCACCCGTTAGGGTGTGCCTTAAAGACAGTGGCGGCGCCATCTGGCTCTAAGCGTAGTAATTTTCTCGCTATAGGGTCCTGTGGATGCTTGCCAGCAACCCCAATTTTATCTAT,k__Fungi_p__Ascomycota_c__Leotiomycetes_o__Helotiales_f__Dermateaceae_g__Cryptosporiopsis,FALSE,ITS
TAACCCCTCAAGCCTAGCTTGGTGTTGGGGCCTGCTGTTGTCGGCAGTCCTTAAAATCAGTGGCGGTGCCATCTGGCTCTAAGCGTAGTAATACTTCTCGCTACAGGGTCCCGGTGGATGCTTGCTATCAACCCCTAAATTTCTAT,k__Fungi_p__Ascomycota_c__Leotiomycetes_o__Helotiales_f__Helotiales_fam_Incertae_sedis_g__Leohumicola,FALSE,ITS
CAACCCTCAAGCCCAGCTTGGTATTGGGTGTCACCTGCACGGTGCGCCCCAAAATCAGTGGCAGCGCCATCTGGCTTCAAGCGTAGTAATACTTCTCGCTCTGGAGGTCCAGGTGGACGCTGGCCAAAACCCCCATACTTTTCTCAA,k__Fungi_p__Ascomycota_c__Leotiomycetes_o__Helotiales_f__Helotiaceae_g__Calyptrozyma,FALSE,ITS
CTTTCATCAATCCTCCTTTACTTTTGTAATGGTTGGCTTGGATTTGGGGATTGCTGGGCCTTGTGTCTGGCTTCCCTTGAATGCATTAGTTGAATTGACTTGCAACGCTATGTGTGGTGTGATAATATCTTCACTGCATAGTTGTAATGAAGTTTGGCTTATAACTGTCTTTCATTAGACAATCTTTGACC,k__Fungi_p__Basidiomycota_c__Agaricomycetes_o__Hymenochaetales_f__Schizoporaceae_g__Xylodon_s__sambuci,FALSE,ITS
TCACCCCTCAAGCCTAGCTTGGTGTTGAGGCCTGCTGTAAAGGCAGCCTCTAAAATCAGTGGCAGTGCTGTCAGGCTCTAAGCGTAGTAAATTCATCGCTATAGACACCTGGTGGATACTCGCCAGAACCCCCCCATTTTTTAAT,k__Fungi_p__Ascomycota_c__Leotiomycetes_o__Helotiales_f__Helotiaceae_g__Tetracladium,FALSE,ITS
ACGACACCTCAAGCGAATTTGCTTGGTCTTGGAACGCGAGCGCCGCTGGCCTTCGGTTCCGAAATTCAATGGCGGAAAGTCTCACGTGCCCCGGCGTAGTAAGTTTATCTTTCGCTTGGTCGCTGAGGCCTTCCCGCCCTCAAATCCCCAATATTTTG,k__Fungi_p__Ascomycota_c__Pezizomycetes_o__Pezizales_f__Pyronemataceae_g__Anthracobia,FALSE,ITS
TCAACCATCAAGCCTGGCTTGTCGTTGGACCTCTTTGCCACTGAAATATATGGCAGGTCCGAAAGATAATGACGGCGTCGTGTTTGACCCTAAATGCAACGAGCTTTTTATAGCACGCATTGAAGTGGTCGGCCGACCCAGTCTTTAATCATCATTTTTCTAA,k__Fungi_p__Ascomycota_c__Eurotiomycetes_o__Chaetothyriales_f__Herpotrichiellaceae_g__Capronia,FALSE,ITS
TAACCCCTCAAGCTCAGCTTGGTGTTGGGGCCTGCCTACTGGCAGCCCTTAAAATCAGTGGCGGCGCCATCTGGCTCTAAGCGTAGTAATTTCTCTCGCTATAGGGTTCCGGTGGACGTTTGCCAACAACCCCCAACTTTCTAT,k__Fungi_p__Ascomycota_c__Leotiomycetes_o__Helotiales_f__Helotiaceae_g__Helicodendron,FALSE,ITS
CAACCCTCAAGCTCTGCTTGGTGTTGGGCCCTGCCCGCTGCGGCCGGCCCTAAAGACAGTGGCGGTGCCGCCTGGCCCTGAGCGTAGTACATCTCTCGCTCCAGTGCCCGGTGGTAGCCTGCCAGAACCCCAACTCTCGT,k__Fungi_p__Ascomycota_c__Leotiomycetes_o__Helotiales_f__Myxotrichaceae_g__Oidiodendron,FALSE,ITS
CAACCCTCAAGCCTCGCTTGGTGTTGGGCCCTGCCCTTGCGGCCGGCCCTAAAGACAGTGGCGGTGCCGTCCGGCTCTAAGCGTAGTAACTCTCTTGCTCTAGTGCCTGGCGGCGTCCAGCCAGAACCCTAACCTCTGT,k__Fungi_p__Ascomycota_c__Leotiomycetes_o__Helotiales,FALSE,ITS
CATTCTTAAATCTATGGATTTAGTGTTGAGTCGATTTGTCCCGAAAATGACAATTGCTTGAAATGAATTTTGGCAGAGGCGACTATATTTTAGCTTTTACAACGTATTAGGTTTTACCATCTCGTTGGAAATATTACGGCGAATAGAAGTGGCTTTGGCGTTATAAACATTTTTTAATAAAAA,k__Fungi_p__Ascomycota_c__Saccharomycetes_o__Saccharomycetales_f__Saccharomycetales_fam_Incertae_sedis_g__Saccharomycetales_gen_Incertae_sedis,FALSE,ITS
CAACCCTCAAGCCTAGCTTGGTGTTGGGCTCCGCCGCCTGGCGGGCCCTAAAGTCAGTGGCGGTGCTGTCCAGCTCCGAGCGTAGTAACTCTTCTCGCTCTGGAGGCCTGGGCATGTGCCTGCCAGCAACCCCCCAATTTTATCA,k__Fungi_p__Ascomycota_c__Eurotiomycetes_o__Onygenales_f__Gymnoascaceae_g__Arachniotus_s__hebridensis,FALSE,ITS
CTCTCTCAAACCCTTGGGTTTGGTATTGAGTGATACTCTTAGTCGGACTAGGCGTTTGCTTGAAATGTATCGGCATGAGTAGTACTGAATAGTGCTTCAAGACTTTTTCAATGTATTAGGTTTATCCAACTCGTTGAATGGTTTAGTAGTAAATTTTTAGTATTATTGGCTCGGCCTTACAATACAACAAACAA,k__Fungi_p__Ascomycota_c__Saccharomycetes_o__Saccharomycetales_f__Debaryomycetaceae_g__Schwanniomyces,FALSE,ITS
